lat,long,country,city,street,time zone
37.9360433,125.3575974,North Korea,Ongjin,68253 Mesta Drive,Asia/Pyongyang
-7.7580914,113.563922,Indonesia,Pasembon,34 Kensington Hill,Asia/Jakarta
56.7279731,41.0643386,Russia,Novyye Gorki,78 Kropf Pass,Europe/Moscow
50.1191335,14.0734646,Czech Republic,VelkÃ¡ DobrÃ¡,9 Eagan Plaza,Europe/Prague
52.6130327,38.9743917,Russia,Donskoye,2313 Stuart Street,Europe/Moscow
43.5251666,-5.6379087,Spain,Gijon,64 Emmet Trail,Europe/Madrid
59.3433282,18.0638221,Sweden,Stockholm,905 Thierer Road,Europe/Stockholm
52.2590681,104.2366111,Russia,Afanasâ€™yeva,9 Dahle Way,Asia/Irkutsk
14.5508865,121.0075554,Philippines,San Antonio,41966 Upham Trail,Asia/Manila
16.0001974,120.6583327,Philippines,Domampot,764 Macpherson Terrace,Asia/Manila
27.127669,113.961465,China,Lianhua,65 Corben Drive,Asia/Shanghai
50.1544063,15.4602634,Czech Republic,Chlumec nad Cidlinou,85 Glacier Hill Terrace,Europe/Prague
43.9887651,18.1798837,Bosnia and Herzegovina,Visoko,7 Bartillon Crossing,Europe/Sarajevo
-34.5484605,-58.5717015,Argentina,Reconquista,5 Derek Park,America/Argentina/Cordoba
11.536819,122.489398,Philippines,Odiong,4863 Dayton Junction,Asia/Manila
69.4086014,30.2266634,Russia,Nikelâ€™,7 Birchwood Avenue,Europe/Moscow
30.7959602,120.6060568,China,Bazi,511 Hooker Way,Asia/Shanghai
26.394403,111.314117,China,Dongâ€™an,9503 Caliangt Junction,Asia/Chongqing
40.9192881,-8.4188235,Portugal,Baganha,0 Kropf Junction,Europe/Lisbon
15.4566044,-91.8808763,Guatemala,Cuilco,479 Bluejay Avenue,America/Mexico_City
30.79438,115.087221,China,Jiamiao,41 Harbort Center,Asia/Shanghai
33.6450129,133.4789243,Japan,KÅçchi-shi,30 Morningstar Road,Asia/Tokyo
-8.3635208,123.0085415,Indonesia,Wailebe,4742 Kings Circle,Asia/Makassar
51.9886098,81.8433417,Russia,Pospelikha,030 Dawn Street,Asia/Omsk
25.387672,100.646607,China,Jiaoqi,18190 Kings Street,Asia/Chongqing
10.148976,-73.960233,Colombia,El Copey,8 Maple Wood Parkway,America/Bogota
22.948016,113.366904,China,Shiqiao,8544 Forest Road,Asia/Urumqi
6.76667,2.16667,Benin,Hinvi,4563 Mcbride Circle,Africa/Porto-Novo
32.4322509,74.5809328,Pakistan,PasrÅ«r,33 Bellgrove Alley,Asia/Karachi
-6.9028171,106.3483779,Indonesia,Cihideung Satu,60 Hagan Way,Asia/Jakarta
11.0328111,106.3645677,Vietnam,Tráº£ng BÃ ng,7987 Merchant Parkway,Asia/Ho_Chi_Minh
47.573689,34.8688115,Ukraine,Vyshchetarasivka,0 Marcy Place,Europe/Zaporozhye
37.0514525,25.4982396,Greece,FilÃ_tion,420 8th Junction,Europe/Athens
-34.7942024,-58.2622254,Argentina,Clorinda,0 Northridge Pass,America/Asuncion
27.578926,110.040315,China,Hecheng,6 Dorton Park,Asia/Chongqing
53.7636896,18.1983893,Poland,Osieczna,59076 Dottie Center,Europe/Warsaw
44.1799774,18.9418196,Bosnia and Herzegovina,Vlasenica,04311 Monument Drive,Europe/Sarajevo
40.7485192,-7.8032048,Portugal,CepÃµes,41 Shasta Parkway,Europe/Lisbon
37.27,-79.94,United States,Roanoke,7 Swallow Junction,America/New_York
25.5204824,55.7133909,United Arab Emirates,Umm al Qaywayn,9 Golf Avenue,Asia/Dubai
20.8965838,-105.4093552,Mexico,San Francisco,99287 Monterey Point,America/Mexico_City
40.8106238,69.2341133,Uzbekistan,BÅ_ka,6938 Packers Alley,Asia/Tashkent
28.314706,117.343545,China,Guifeng,0 Stuart Trail,Asia/Shanghai
9.9296843,123.9327724,Philippines,Panaytayon,6 Graedel Trail,Asia/Manila
45.7782243,4.7987938,France,Lyon,2 Kings Drive,Europe/Paris
41.191548,19.626265,Albania,Helmas,6314 Coolidge Avenue,Europe/Tirane
34.34013,63.75288,Afghanistan,Chisht-e SharÄ«f,628 Karstens Hill,Asia/Kabul
-14.9876054,34.9561748,Malawi,Balaka,29970 Sommers Trail,Africa/Blantyre
28.6019464,-106.0244614,Peru,Chignayhua,47142 Westend Pass,America/Lima
47.594843,1.3155028,France,Blois,5429 Lyons Trail,Europe/Paris
30.20003,115.038835,China,Huangshi,8161 Butternut Point,Asia/Shanghai
30.63166,114.040353,China,Zouma,36 Oneill Crossing,Asia/Chongqing
-25.304882,-49.0555691,Brazil,Campina Grande do Sul,4 Del Sol Road,America/Sao_Paulo
40.8913038,20.6779776,Albania,BuÃ§imas,414 Harper Trail,Europe/Skopje
-6.956164,106.7714,Indonesia,Cimanggu,23 Muir Park,Asia/Jakarta
34.0599302,-118.249786,United States,Los Angeles,199 Swallow Hill,America/Los_Angeles
-6.6658733,106.8635643,Indonesia,Bendungan,0 Gerald Junction,Asia/Jakarta
49.76647,-119.73568,Canada,Peachland,4294 Schlimgen Terrace,America/Vancouver
34.0556839,73.1511314,Pakistan,HaveliÄÅn,332 Union Circle,Asia/Karachi
7.0513571,14.4344853,Cameroon,BÃ©lel,03754 Cottonwood Center,Africa/Douala
19.2312719,-101.4591146,Mexico,Los Pinos,29 Fairfield Plaza,America/Mexico_City
-8.7867,121.1256,Indonesia,Hobonio,44091 Pepper Wood Point,Asia/Makassar
46.844779,125.374569,China,Taipingzhuang,19168 Mitchell Junction,Asia/Harbin
-8.8479584,121.6468481,Indonesia,Mbongawani,4 Gerald Junction,Asia/Makassar
5.7525387,-75.4810786,Colombia,Abejorral,8464 Thompson Avenue,America/Bogota
-16.67787,46.109699,Madagascar,Sitampiky,20852 Gateway Crossing,Indian/Antananarivo
-6.05,-77.583333,Peru,Granada,22533 Tennyson Place,America/Lima
-13.9448918,-74.3132878,Peru,Sacsamarca,8 Oakridge Junction,America/Lima
4.717029,-74.21225,Colombia,Funza,03819 Beilfuss Avenue,America/Bogota
-7.5861751,110.1908889,Indonesia,Wringinputih,22 Nancy Junction,Asia/Jakarta
21.850061,111.197459,China,Shipaidong,83485 Moose Point,Asia/Chongqing
-34.9044677,-58.5743103,Argentina,Marcos JuÃ¡rez,38 Victoria Terrace,America/Argentina/Cordoba
52.0610443,17.8504238,Poland,GizaÅ‚ki,8953 Sheridan Alley,Europe/Warsaw
-6.9262046,112.1474925,Indonesia,Leran Kulon,451 Vera Road,Asia/Jakarta
-5.9640712,34.1225927,Tanzania,Mgandu,1 Bowman Plaza,Africa/Dar_es_Salaam
31.268047,121.004054,China,Qiandeng,1785 Magdeline Center,Asia/Shanghai
-36.8929232,174.8607024,New Zealand,Tamaki,748 Kim Court,Pacific/Auckland
-8.0026625,111.4559084,Indonesia,Bungkal,8812 Menomonie Junction,Asia/Jakarta
48.43349,-77.63279,Canada,Barraute,7 Cascade Lane,America/Montreal
43.0429124,1.9038837,France,Lyon,052 Dryden Park,Europe/Paris
58.4181236,15.6198852,Sweden,LinkÃ¶ping,3878 Forest Run Terrace,Europe/Stockholm
36.23154,40.77214,Syria,â€˜ArÄ«shah,373 Carberry Terrace,Asia/Damascus
31.654375,120.752481,China,Changshu City,708 Dapin Circle,Asia/Shanghai
-7.3682379,112.7554346,Indonesia,Pabean,3000 Clove Hill,Asia/Jakarta
25.8007724,-100.4277766,Mexico,San Jose,71270 Veith Place,America/Hermosillo
57.630161,25.692493,Latvia,StrenÄçi,89 Petterle Court,Europe/Riga
-0.6256517,100.1233396,Indonesia,Paritaman,10075 Coolidge Avenue,Asia/Jakarta
-23.5198964,-46.3408798,Brazil,PoÃ¡,12032 David Way,America/Sao_Paulo
43.516667,109.116667,China,Naran Bulag,5884 Mifflin Hill,Asia/Harbin
54.8593462,24.4549495,Lithuania,KaiÅ¡iadorys,11 Briar Crest Hill,Europe/Vilnius
44.1666669,104.5,Mongolia,Ãœydzen,225 Redwing Pass,Asia/Ulaanbaatar
38.8066531,-9.3199202,Portugal,Pexiligais,61 Nova Way,Europe/Lisbon
-25.1169056,-49.5076392,Brazil,ItaperuÃ§u,47 Rigney Trail,America/Sao_Paulo
17.8579334,-93.1548091,Mexico,Reforma,399 Cordelia Pass,America/Mexico_City
60.2274447,25.0812732,Finland,Parikkala,975 Bunker Hill Center,Europe/Helsinki
30.456224,106.633088,China,Guangâ€™an,6 Haas Trail,Asia/Chongqing
18.1646497,-73.8110279,Haiti,Torbeck,728 Grim Alley,America/Port-au-Prince
32.240853,120.2326771,China,Huangqiao,5 American Place,Asia/Chongqing
-11.2648012,-75.6491753,Peru,Huasahuasi,9 Sauthoff Circle,America/Lima
-18.8549317,-41.9559233,Brazil,Governador Valadares,74835 Burrows Terrace,America/Sao_Paulo
32.93,-97.44,United States,Fort Worth,5803 Old Shore Plaza,America/Chicago
1.968543,-157.3936469,Kiribati,Banana Village,311 Ridgeview Junction,Pacific/Honolulu
12.261245,121.990929,Philippines,Looc,757 Thompson Terrace,Asia/Manila
12.7878653,-85.1233,Nicaragua,Bocana de Paiwas,0 Ronald Regan Way,America/Managua
59.233082,163.067535,Russia,Ossora,66996 Southridge Pass,Asia/Kamchatka
27.570531,117.652349,China,Huangkeng,083 Autumn Leaf Trail,Asia/Chongqing
-9.6352458,119.4048722,Indonesia,Wailiang,221 Tennessee Trail,Asia/Makassar
7.3111492,-73.2057595,Colombia,Rionegro,1018 Village Center,America/Bogota
36.6493964,139.8816085,Japan,Utsunomiya-shi,68040 Bartillon Parkway,Asia/Tokyo
60.9596322,34.0219218,Russia,Vazhiny,47 Banding Pass,Europe/Moscow
25.242158,117.326355,China,Gongqiao,0350 Barby Plaza,Asia/Shanghai
35.656128,112.117922,China,Yingtou,917 Namekagon Circle,Asia/Chongqing
48.9933962,14.5417888,Czech Republic,Rudolfov,01008 Towne Road,Europe/Prague
0.2415538,-53.7369154,Brazil,Almeirim,0 Carpenter Circle,America/Santarem
38.5,-92.15,United States,Jefferson City,0 Spohn Lane,America/Chicago
22.69569,112.225334,China,Xinxing,89 3rd Park,Asia/Harbin
65.8368628,24.0986491,Sweden,Haparanda,49951 Chinook Place,Europe/Helsinki
45.1761098,20.9132879,Serbia,IlandÅ_a,637 Tennessee Plaza,Europe/Belgrade
35.136722,102.8777,China,Tanggaâ€™an,923 Oak Place,Asia/Chongqing
59.3650479,17.9947004,Sweden,Solna,5730 Esker Road,Europe/Stockholm
14.7980871,-87.3388767,Honduras,Minas de Oro,3791 Sachs Alley,America/Tegucigalpa
12.0806213,-86.0198103,Nicaragua,Tisma,5909 Esker Terrace,America/Managua
31.0252201,121.4337784,China,Jiaotang,8 Packers Street,Asia/Shanghai
40.92194,19.71778,Albania,Karbunara e VogÃ«l,36650 Trailsway Plaza,Europe/Tirane
60.955867,22.6282967,Finland,Loimaan Kunta,8281 Fair Oaks Lane,Europe/Helsinki
39.4364103,-8.2988008,Portugal,Malpique,185 Prairieview Center,Europe/Lisbon
8.4478637,-65.3807101,Venezuela,Santa MarÃ_a de Ipire,56288 Orin Parkway,America/Caracas
34.8218609,134.9545157,Japan,Miki,489 Claremont Circle,Asia/Tokyo
11.9704485,-86.0886366,Nicaragua,Masaya,77906 Dahle Circle,America/Managua
53.5324492,28.187043,Belarus,Blonâ€™,578 Buell Alley,Europe/Minsk
51.1811979,16.4883489,Poland,Malczyce,025 Darwin Terrace,Europe/Warsaw
6.0536421,121.0004951,Philippines,Jolo,2090 Rockefeller Way,Asia/Manila
-6.8187124,106.947666,Indonesia,Kadudampit,9 Lakeland Place,Asia/Jakarta
56.2254132,87.7719548,Russia,Mariinsk,193 Roth Way,Asia/Novokuznetsk
31.4374773,-7.4060306,Morocco,Zerkten,032 Rusk Pass,Africa/Casablanca
36.795091,10.184999,Tunisia,Douane,4919 Birchwood Parkway,Africa/Tunis
-4.3289209,-79.557446,Ecuador,Cariamanga,78834 Ruskin Park,America/Guayaquil
-45.4035437,-72.6864154,Chile,Puerto AisÃ©n,59 Southridge Circle,America/Santiago
49.6246813,19.1833654,Poland,Å»abnica,90634 Kensington Alley,Europe/Warsaw
-7.703889,36.9565089,Tanzania,Kidatu,8 Reinke Hill,Africa/Dar_es_Salaam
7.9180075,-71.0601767,Venezuela,Pedraza La Vieja,33379 Monument Crossing,America/Caracas
14.9795865,120.6149195,Philippines,Guagua,8 Northwestern Parkway,Asia/Manila
27.236635,108.912375,China,Yuping,18059 Tony Junction,Asia/Ho_Chi_Minh
41.0213628,-80.6150117,Poland,Kalej,8 Birchwood Place,Europe/Warsaw
-20.3015699,57.5999968,Mauritius,Dubreuil,5492 Blue Bill Park Hill,Indian/Mauritius
-14.07109,-72.676201,Peru,Curpahuasi,9 Russell Trail,America/Lima
52.6029163,41.4669909,Russia,Kotovsk,60406 Hintze Junction,Europe/Moscow
33.039715,115.263115,China,Linquan,7849 Bluestem Way,Asia/Shanghai
-6.3079232,107.172085,Indonesia,Cikarang,44 Pennsylvania Point,Asia/Jakarta
49.5234905,14.4280868,Czech Republic,ChyÅ¡ky,24 Fordem Plaza,Europe/Prague
-25.790615,28.3323137,South Africa,Tzaneen,14 Mifflin Court,Africa/Johannesburg
-12.1695811,44.40047,Comoros,Moutsamoudou,93179 Kings Junction,Indian/Comoro
39.3960229,68.533658,Tajikistan,AynÃ_,5334 Upham Court,Asia/Tashkent
53.0637214,26.6392615,Belarus,Klyetsk,53 Sommers Place,Europe/Minsk
-18.7679039,46.0515529,Madagascar,Tsiroanomandidy,762 Di Loreto Plaza,Indian/Antananarivo
56.0127743,37.2229806,Russia,Rzhavki,370 Westend Place,Europe/Moscow
-33.1416441,-64.3600342,Argentina,OrdÃ_Ã±ez,43 Bunker Hill Crossing,America/Argentina/Cordoba
6.7368274,2.6636066,Benin,SakÃ©tÃ©,21 Hallows Trail,Africa/Porto-Novo
14.5968528,121.0670507,Philippines,Luna,7021 Glacier Hill Point,Asia/Manila
12.8603014,101.5361726,Thailand,Wang Chan,392 Pepper Wood Drive,Asia/Bangkok
55.1052515,82.9514853,Russia,Rodniki,41671 Thierer Point,Europe/Moscow
39.9754634,44.5273861,Armenia,Dalar,76 Troy Point,Asia/Yerevan
14.8533744,100.9894413,Thailand,Phatthana Nikhom,823 Rieder Center,Asia/Bangkok
-6.8747015,107.9520129,Indonesia,Cigembong,9132 Service Hill,Asia/Jakarta
38.0932151,69.3413913,Tajikistan,Danghara,07152 Eliot Junction,Asia/Dushanbe
-6.9947862,109.6341727,Indonesia,Wonopringgo,47914 Valley Edge Place,Asia/Jakarta
-25.2005643,-56.3978117,Paraguay,CarayaÃ_,7 Russell Street,America/Asuncion
6.5439791,121.869164,Philippines,Maluso,4 Aberg Point,Asia/Manila
35.07437,36.08677,Syria,á¸¨ammÄÅm WÄÅÅŸil,9 Corscot Road,Asia/Damascus
57.2567489,58.7326317,Russia,Shalya,88 Duke Trail,Asia/Yekaterinburg
-32.0974801,-63.0334803,Argentina,La Playosa,310 Stang Way,America/Argentina/Cordoba
44.4353271,34.1121629,Ukraine,Gaspra,02812 Commercial Hill,Europe/Simferopol
-28.2588438,-53.5009992,Brazil,Panambi,7 Mifflin Junction,America/Sao_Paulo
54.5941065,17.8604786,Poland,ÅÅÄ™czyce,0 Crest Line Point,Europe/Warsaw
28.18018,109.654991,China,Sangongqiao,78 Truax Lane,Asia/Chongqing
-9.309531,-35.9420041,Brazil,Murici,12234 Northland Lane,America/Maceio
43.7745094,16.8628891,Bosnia and Herzegovina,Orguz,805 Macpherson Drive,Europe/Zagreb
44.6063199,17.8595342,Bosnia and Herzegovina,TesliÄ‡,1806 Onsgard Terrace,Europe/Sarajevo
36.9473226,108.7379191,China,Renliu,1722 Loomis Way,Asia/Chongqing
40.846108,14.2352339,Italy,Napoli,6955 Spenser Lane,Europe/Rome
51.84861,41.46056,Russia,Zherdevka,50 Hanover Hill,Europe/Moscow
-15.66758,-72.534439,Peru,Viraco,7259 Brentwood Park,America/Lima
43.9760578,17.5275042,Bosnia and Herzegovina,PajiÄ‡ Polje,86 Bellgrove Court,Europe/Sarajevo
-7.2936876,112.2771485,Indonesia,Ardirejo,36 3rd Avenue,Asia/Jakarta
37.738098,127.0336819,South Korea,Uijeongbu-si,1680 Fremont Way,Asia/Seoul
31.7711077,119.9742793,China,Jianshe,99 Mcbride Avenue,Asia/Harbin
38.2,-85.7,United States,Louisville,48510 Portage Crossing,America/Kentucky/Louisville
10.829771,122.615819,Philippines,Jalaud,08247 Northwestern Street,Asia/Manila
-6.22625,106.0253,Indonesia,Cilongkrangpusaka,878 Scofield Junction,Asia/Jakarta
23.775772,98.825866,China,Nansan,1296 Sugar Drive,Asia/Chongqing
36.5072263,8.7756556,Tunisia,Jendouba,750 Moulton Pass,Africa/Tunis
51.11327,18.21114,Poland,Byczyna,6 Mayfield Pass,Europe/Warsaw
35.5588061,138.0410863,Japan,ÅŒkawara,9 Farragut Alley,Asia/Tokyo
-9.3294895,125.2697802,East Timor,Suai,8 Warbler Parkway,Asia/Makassar
43.591386,81.239566,China,Jagistay,02 Beilfuss Junction,Asia/Almaty
17.3798237,104.6821048,Thailand,Nakhon Phanom,60013 Sutherland Terrace,Asia/Bangkok
-3.5670807,-41.0919197,Brazil,ViÃ§osa do CearÃ¡,311 Mccormick Center,America/Fortaleza
51.7888924,23.2083805,Poland,Wisznice,83 Mockingbird Center,Europe/Warsaw
53.806868,-9.1327273,Ireland,Kinnegad,6258 Rowland Street,Europe/Dublin
36.229138,139.8961591,Japan,MitsukaidÅç,9538 Transport Crossing,Asia/Tokyo
18.8478608,-99.1843676,Mexico,Emiliano Zapata,912 Union Street,America/Mexico_City
35.858731,112.389438,China,Taochuan,8448 Fordem Junction,Asia/Chongqing
36.87117,121.509453,China,Rushankou,82 Anzinger Hill,Asia/Shanghai
52.5593051,13.4761485,Germany,Berlin,3484 Fremont Crossing,Europe/Berlin
54.0809529,21.4937201,Poland,GierÅ‚oÅ_,3566 Onsgard Point,Europe/Warsaw
36.4062241,55.016269,Iran,Shahrud,2541 Northview Pass,Asia/Tehran
-1.048106,103.380604,Indonesia,Wongka,61 Ridge Oak Park,Asia/Makassar
-6.8174513,106.3683065,Indonesia,Cipanggung,7248 Petterle Alley,Asia/Jakarta
34.2540503,-6.5890166,Morocco,Kenitra,17 Scoville Park,Africa/Casablanca
29.724589,116.245433,China,Shuangzhong,135 Haas Place,Asia/Shanghai
-7.015,112.4842,Indonesia,Watangan,9944 Ryan Pass,Asia/Jakarta
37.0909826,138.1698009,Japan,JÅçetsu,8027 Lotheville Street,Asia/Tokyo
54.3231922,50.8118074,Russia,Nurlat,13 Chinook Terrace,Europe/Moscow
4.5604389,-74.115187,Colombia,BogotÃ¡,716 Gulseth Trail,America/Bogota
-7.4585953,107.6008169,Indonesia,Bungbulang,2 Monument Parkway,Asia/Jakarta
6.39035,126.14558,Philippines,Surup,7 Laurel Junction,Asia/Manila
50.9704636,15.3858774,Poland,Mirsk,2 Green Court,Europe/Warsaw
14.1975137,121.5570313,Philippines,Luisiana,5075 Anniversary Terrace,Asia/Manila
11.7701438,8.4239055,Nigeria,Kura,372 High Crossing Alley,Africa/Lagos
52.7201592,30.569225,Belarus,Buda-Kashalyova,04393 Jackson Parkway,Europe/Minsk
14.874441,101.1843887,Thailand,Wang Muang,77 Menomonie Junction,Asia/Bangkok
34.064463,114.837888,China,Taikang,3908 Grasskamp Avenue,Asia/Harbin
49.7854424,6.2095603,Luxembourg,Larochette,066 Marquette Avenue,Europe/Luxembourg
43.4945737,5.8978018,France,Paris 20,9690 Boyd Street,Europe/Paris
39.726929,116.341395,China,Daxing,95 Lyons Point,Asia/Shanghai
14.2462858,121.4934758,Philippines,Baylo,3 Packers Avenue,Asia/Manila
-8.2334215,114.3787108,Indonesia,Kertosari,9544 Ridgeview Circle,Asia/Jakarta
-6.9662696,107.4492746,Indonesia,Batugede Kulon,38754 Sunnyside Terrace,Asia/Jakarta
-6.7418731,107.9176312,Indonesia,Tanjungkerta,558 Calypso Crossing,Asia/Jakarta
42.9598744,-81.2353612,Canada,London,19 Lunder Drive,America/Toronto
33.4316535,131.3529666,Japan,Kamiichi,74 Pierstorff Avenue,Asia/Tokyo
22.1623468,105.6002024,Vietnam,Báº±ng LÅ©ng,09635 Anderson Drive,Asia/Ho_Chi_Minh
41.236675,69.3413913,Uzbekistan,Bektemir,802 Transport Way,Asia/Tashkent
42.4681713,-83.1589716,United States,Roanoke,92732 Thierer Center,America/New_York
-9.710143,-35.897056,Brazil,Marechal Deodoro,81500 Transport Way,America/Maceio
54.0278591,44.8841712,Russia,Ruzayevka,43322 Ilene Circle,Europe/Moscow
-32.8803027,-71.2497156,Chile,Quillota,6 Reindahl Road,America/Santiago
8.9494875,9.2480728,Nigeria,Kwolla,219 Warner Circle,Africa/Lagos
-14.4861733,35.253304,Malawi,Mangochi,30986 Kim Pass,Africa/Blantyre
8.955271,126.009711,Philippines,San Miguel,62 Farmco Center,Asia/Manila
30.352893,105.204609,China,Baoshi,31 Kim Junction,Asia/Harbin
-6.1965654,106.8226808,Indonesia,Barapas,9647 Shelley Junction,Asia/Jayapura
-23.6228759,-46.7816647,Brazil,TaboÃ£o da Serra,33369 Riverside Road,America/Sao_Paulo
26.602423,110.994507,China,Qingjiangqiao,5 Sullivan Alley,Asia/Chongqing
31.2570292,121.492796,China,Guocun,2 Mcbride Place,Asia/Chongqing
40.8480415,20.6630784,Albania,Dardhas,71 Summerview Way,Europe/Tirane
-6.6876798,111.4782661,Indonesia,Kajar,542 Stephen Park,Asia/Jakarta
16.7275474,103.7358277,Thailand,Si Somdet,5 Marquette Point,Asia/Bangkok
42.3745311,-88.1263369,United States,Milwaukee,8254 Namekagon Pass,America/Chicago
3.706995,103.1024948,Indonesia,Gambang,780 3rd Parkway,Asia/Jakarta
58.7472646,17.0266546,Sweden,NykÃ¶ping,803 Eastlawn Point,Europe/Stockholm
-7.460987,111.3321974,Indonesia,Ngawi,58717 Artisan Crossing,Asia/Jakarta
49.522946,16.2614713,Czech Republic,BystÅ™ice nad PernÅ¡tejnem,1447 Claremont Trail,Europe/Prague
-7.0743223,-40.37156,Brazil,Campos Sales,62 Delladonna Plaza,America/Fortaleza
16.5409974,121.563879,Philippines,Saguday,0 Londonderry Terrace,Asia/Manila
46.5620633,30.8631957,Ukraine,Fontanka,2 Twin Pines Avenue,Europe/Simferopol
-34.7430691,-58.5704426,Argentina,Contraalmirante Cordero,1 Ruskin Plaza,America/Argentina/Salta
44.6166027,17.9914718,Bosnia and Herzegovina,TeÅ¡anj,1 Anderson Junction,Europe/Sarajevo
-6.8892965,112.3635806,Indonesia,Paciran,59 Melby Drive,Asia/Jakarta
-6.2852298,106.7813363,Indonesia,Cisaro,5 Del Sol Park,Asia/Jakarta
-8.4849,115.1348,Indonesia,Wanasari Baleran,1339 Orin Lane,Asia/Makassar
56.2674828,54.9252541,Russia,Yanaul,09 Twin Pines Street,Asia/Yekaterinburg
4.9026627,97.7878579,Indonesia,Ulee Gle,4696 David Crossing,Asia/Jakarta
-14.0359111,-71.5709117,Peru,Pomacanchi,8740 Cherokee Hill,America/Lima
39.0927696,-9.0571089,Portugal,Bairro,92 Arizona Circle,Europe/Lisbon
8.235581,123.8545713,Philippines,Tudela,6157 Drewry Lane,Asia/Manila
47.1634031,33.9366442,Ukraine,Velyka Lepetykha,5452 Amoth Court,Europe/Zaporozhye
44.1372925,4.810107,France,Orange,0082 Jenna Parkway,Europe/Paris
-6.2863702,106.1051705,Indonesia,Karangtanjung,607 Buhler Road,Asia/Jakarta
22.141482,113.83012,China,Guishan,182 Fordem Junction,Asia/Shanghai
49.0344736,2.0721605,France,Cergy-Pontoise,68925 Scoville Trail,Europe/Paris
-37.0920575,-73.1545822,Chile,Lota,562 Superior Hill,America/Santiago
-10.8996,122.9017,Indonesia,Leteki,0819 4th Terrace,Asia/Makassar
50.6999479,13.8459307,Czech Republic,Krupka,1356 Nelson Park,Europe/Prague
31.861597,35.207914,Palestinian Territory,QalandiyÄÅ,7245 Montana Trail,Asia/Hebron
37.473022,116.603883,China,Weiwangzhuang,5 Havey Drive,Asia/Shanghai
-7.9666204,112.6326321,Indonesia,Maliang,22571 Nelson Crossing,Asia/Makassar
54.17157,103.027249,Russia,Ustâ€™-Uda,619 Duke Pass,Asia/Irkutsk
48.9848042,16.4023975,Czech Republic,Olbramovice,356 Aberg Alley,Europe/Prague
39.109563,117.223371,China,Hexi,43 Mosinee Alley,Asia/Shanghai
44.5652451,17.5341531,Bosnia and Herzegovina,Maslovare,23727 Sullivan Terrace,Europe/Sarajevo
42.6995393,24.0846652,Bulgaria,Chavdar,7 Riverside Court,Europe/Sofia
6.8276228,-5.2893433,Ivory Coast,Yamoussoukro,195 Blackbird Hill,Africa/Abidjan
37.1035665,25.3776734,Greece,Naxos,37127 Thompson Road,Europe/Athens
45.7967858,4.8427596,France,Caluire-et-Cuire,33 Lerdahl Pass,Europe/Paris
-8.401854,114.118103,Indonesia,Tegalsari,3 Oxford Court,Asia/Jakarta
-7.511308,108.6517064,Indonesia,Ciulu,4 Moose Junction,Asia/Jakarta
-8.6268,120.4599,Indonesia,Wasogolo,934 Blackbird Parkway,Asia/Makassar
37.715193,112.47794,China,Jinyuan,560 Harbort Plaza,Asia/Chongqing
46.0313077,29.9343459,Ukraine,Kulevcha,86 Mosinee Street,Europe/Simferopol
42.891255,129.508945,China,Yangji,71 Transport Trail,Asia/Chongqing
53.9024585,17.9194558,Poland,Karsin,0 Troy Park,Europe/Warsaw
35.550111,112.713515,China,Qiqian,0 Starling Drive,Asia/Harbin
-7.3632094,109.9001796,Indonesia,Wonosobo,997 Russell Trail,Asia/Jakarta
-7.9017349,112.5632485,Indonesia,Mojorejo,9 Mesta Trail,Asia/Jakarta
53.7721333,14.7790457,Poland,PrzybiernÃ_w,4285 Nova Hill,Europe/Warsaw
16.9818844,104.4490398,Thailand,Na Kae,8138 Farwell Park,Asia/Bangkok
35.9924294,140.6177909,Japan,Kashima-shi,110 Bultman Hill,Asia/Tokyo
9.0144539,37.4494636,Ethiopia,GÄ“do,707 Debra Hill,Africa/Addis_Ababa
59.3412977,18.0347134,Sweden,Stockholm,49 Cordelia Pass,Europe/Stockholm
40.9089779,-8.421278,Portugal,Moutas,6 Superior Drive,Europe/Lisbon
29.476705,121.869339,China,Xiangshan,28 Fairfield Alley,Asia/Harbin
46.344514,129.543632,China,Yinglan,0 Fairview Point,Asia/Harbin
45.5632781,13.769491,Slovenia,Ankaran,7 Stang Street,Europe/Ljubljana
-7.3742259,108.4454089,Indonesia,Cimaragas,1015 Stoughton Center,Asia/Jakarta
29.606703,106.574271,China,Jiangbei,5295 Garrison Circle,Asia/Shanghai
48.2787299,7.4592542,France,SÃ©lestat,2 Vera Hill,Europe/Paris
8.8926971,126.3014034,Philippines,Cagwait,3 Cottonwood Center,Asia/Manila
-21.597138,165.363472,New Caledonia,Bourail,9 Donald Street,Pacific/Noumea
49.2147869,15.8795516,Czech Republic,TÅ™ebÃ_Äç,649 Division Street,Europe/Prague
44.0803302,15.1873478,Croatia,Preko,01 Saint Paul Pass,Europe/Zagreb
-38.9338082,-69.2497586,Argentina,Cutral-CÃ_,4545 Helena Hill,America/Argentina/Salta
39.562646,113.369956,China,Dalinhe,391 Troy Crossing,Asia/Shanghai
39.5861006,-9.0301824,Portugal,Valado dos Frades,6397 Pennsylvania Road,Europe/Lisbon
35.025857,136.131182,Japan,Shimoda,02383 Spenser Park,Asia/Tokyo
0.2827307,34.7518631,Kenya,Kakamega,30 Dovetail Circle,Africa/Nairobi
32.5571916,-84.9047641,China,Lingmen,1546 Bultman Pass,Asia/Chongqing
18.4931618,95.5066242,Myanmar,Paungde,236 Mifflin Court,Asia/Rangoon
10.6227552,1.2650349,Benin,TanguiÃ©ta,618 Esch Court,Africa/Porto-Novo
14.2553505,13.1134915,Niger,Nguigmi,67 Longview Place,Africa/Niamey
36.0917434,140.1139616,Japan,Saiki,3 Dakota Center,Asia/Tokyo
9.852371,-83.6143148,Costa Rica,La Suiza,6604 Towne Way,America/Costa_Rica
22.5346419,114.1237079,China,Zhongxi,95926 Linden Avenue,Asia/Shanghai
51.0176058,15.677587,Poland,WleÅ„,669 Mariners Cove Crossing,Europe/Warsaw
48.9236625,2.3882228,France,La Courneuve,49574 Florence Point,Europe/Paris
28.3559058,52.9599661,Iran,QÄ«r,18 Mcguire Center,Asia/Tehran
32.11871,35.129583,Israel,Revava,51 Cody Point,Asia/Jerusalem
5.242598,-75.781831,Colombia,Anserma,2859 Eastlawn Court,America/Bogota
55.9129296,13.1018168,Sweden,SvalÃ¶v,63325 2nd Street,Europe/Stockholm
22.000143,100.771678,China,Jianghong,51 Vahlen Street,Asia/Urumqi
53.98492,38.03593,Russia,Brusyanka,74685 Johnson Place,Europe/Moscow
26.6654996,-80.0590804,United States,West Palm Beach,11494 Lakewood Gardens Drive,America/New_York
35.4335808,139.5718014,Japan,Hirado,42424 Sunbrook Court,Asia/Tokyo
45.1088945,20.2323594,Serbia,Novi Slankamen,162 Mifflin Court,Europe/Belgrade
48.5686975,113.2344326,Mongolia,Tsagaan-Ovoo,1199 Evergreen Plaza,Asia/Ulaanbaatar
42.6930655,24.4496426,Bulgaria,Klisura,06777 Amoth Trail,Europe/Sofia
-7.2576752,112.7514577,Indonesia,Kanginan,8 Independence Road,Asia/Makassar
32.670426,-16.8498324,Portugal,Nogueira,13 Jenifer Place,Africa/Accra
59.2780101,18.1465992,Sweden,Bagarmossen,86 Ridgeway Crossing,Europe/Stockholm
42.3570233,21.755504,Serbia,BiljaÄça,86774 Atwood Point,Europe/Skopje
38.0375021,125.7079231,North Korea,Haeju,4458 Spohn Park,Asia/Pyongyang
28.144185,103.972601,China,Mugan,90 Paget Hill,Asia/Chongqing
-23.2400211,-51.6639768,Brazil,Astorga,3151 Petterle Place,America/Sao_Paulo
56.3360497,28.8883279,Russia,Idritsa,1454 Sommers Pass,Europe/Minsk
-11.4260053,43.2968632,Comoros,Douniani,4804 Banding Circle,Indian/Comoro
18.2336579,-72.3207531,Haiti,Marigot,729 American Ash Junction,America/Port-au-Prince
8.7504833,124.7798258,Philippines,Binitinan,01 Lerdahl Avenue,Asia/Manila
31.849004,117.044333,China,Qianhong,9 Truax Crossing,Asia/Shanghai
27.320917,111.458656,China,Xinshao,3229 Blaine Plaza,Asia/Chongqing
50.8476148,70.8264733,Kazakhstan,EgindikÃ¶l,584 Clove Trail,Asia/Almaty
47.0166139,-68.1430098,Sweden,Stockholm,9 Kennedy Alley,Europe/Stockholm
14.9659262,108.6888227,Vietnam,Minh Long,58757 Jackson Circle,Asia/Ho_Chi_Minh
34.0716318,134.3493568,Japan,KamojimachÅç-jÅçgejima,8597 Alpine Pass,Asia/Tokyo
-7.740099,-40.2884386,Brazil,Trindade,23783 American Drive,America/Sao_Paulo
43.5162166,-5.664252,Spain,Gijon,7 Arrowood Lane,Europe/Madrid
-6.7745272,111.4484559,Indonesia,Tempaling,9 Victoria Drive,Asia/Jakarta
-7.4043939,-35.5876697,Brazil,Itatuba,4 Sugar Circle,America/Fortaleza
-21.203385,-50.4439728,Brazil,AraÃ§atuba,78 Northport Drive,America/Sao_Paulo
41.0832289,-7.8225565,Portugal,Estrada,6405 Crownhardt Center,Europe/Lisbon
-8.4236237,120.6027296,Indonesia,Rentung,2 Pine View Junction,Asia/Makassar
46.176012,129.425798,China,Dalianhe,4483 Sloan Pass,Asia/Harbin
0.2827307,34.7518631,Kenya,Kakamega,1 Sutteridge Terrace,Africa/Nairobi
35.8024758,108.0101409,China,Xihuachi,40033 Michigan Trail,Asia/Chongqing
50.4974447,31.7833183,Ukraine,Zgurovka,4 Anderson Center,Europe/Kiev
-27.5571934,-53.9759139,Brazil,HumaitÃ¡,03 Ramsey Street,America/Manaus
-30.2932904,28.7693554,South Africa,Matatiele,52 Hayes Hill,Africa/Maseru
1.683061,-77.072933,Colombia,Florencia,2990 Ruskin Park,America/Bogota
27.4378935,30.8162909,Egypt,Al QÅ«ÅŸÄ«yah,6 Jay Trail,Africa/Cairo
30.233195,121.329456,China,Shengshan,61 Vermont Park,Asia/Shanghai
54.519499,86.358927,Russia,Gramoteino,170 Cascade Avenue,Asia/Novokuznetsk
33.5068235,70.6960868,Pakistan,DoÄÅba,51 Homewood Road,Asia/Karachi
20.2712406,-76.9556643,Cuba,Yara,32605 Kingsford Avenue,America/Havana
-6.150443,106.69511,Indonesia,Basen,15 Artisan Way,Asia/Makassar
5.8734472,124.8979544,Philippines,Lumatil,7 Badeau Place,Asia/Manila
38.430793,100.812859,China,Minle,804 Raven Point,Asia/Chongqing
4.815554,7.0498442,Nigeria,Port Harcourt,14581 Amoth Street,Africa/Lagos
12.5077895,-86.9035511,Nicaragua,Quezalguaque,6 Novick Road,America/Managua
-4.3253636,-40.1526661,Brazil,Santa QuitÃ©ria,2887 Raven Crossing,America/Fortaleza
-7.4417327,111.1056539,Indonesia,Gondang,24 Grayhawk Street,Asia/Jakarta
43.4433559,16.6929175,Croatia,OmiÅ¡,1664 Jay Hill,Europe/Zagreb
22.843818,114.164223,China,Qingxi,7545 Ridgeview Pass,Asia/Chongqing
40.2608574,23.2215193,Greece,NÃ©a FlogitÃ¡,6 Del Mar Parkway,Europe/Athens
47.0203676,-68.1435063,Sweden,Stockholm,7 Waywood Alley,Europe/Stockholm
-31.3393,20.9033999,South Africa,Williston,52959 Twin Pines Place,Africa/Johannesburg
13.8303,121.401,Philippines,Libato,7 Autumn Leaf Street,Asia/Manila
7.6497516,4.3000211,Nigeria,Kuta,4 Oxford Alley,Africa/Lagos
40.7325414,22.6920826,Greece,GÃ©fyra,75 Miller Terrace,Europe/Athens
16.438508,103.5060994,Thailand,Kalasin,9 American Ash Crossing,Asia/Bangkok
-2.4204637,-79.3437394,Ecuador,La Troncal,928 Hooker Pass,America/Guayaquil
9.3450522,-79.804459,Panama,Sabanitas,516 Crowley Point,America/Panama
6.6644629,2.1597595,Benin,Allada,18 Paget Plaza,Africa/Porto-Novo
34.440727,134.9171616,Japan,Sumoto,60526 Golden Leaf Park,Asia/Tokyo
-11.792902,-76.9873477,Peru,Carabayllo,30505 Red Cloud Circle,America/Lima
43.455312,6.685055,France,Puget-sur-Argens,5566 Fisk Way,Europe/Paris
55.0214573,82.6615789,Russia,Obâ€™,95518 Artisan Street,Asia/Novosibirsk
23.131797,113.407143,China,Huangcun,1 Amoth Crossing,Asia/Shanghai
42.52444,20.28083,Kosovo,Lloqan,00 Esch Point,Europe/Belgrade
49.9354529,18.9773045,Poland,GoczaÅ‚kowice ZdrÃ_j,24221 Marquette Crossing,Europe/Warsaw
30.323586,120.195198,China,Yege,4 Valley Edge Lane,Asia/Chongqing
51.567832,45.8303591,Russia,Sokolovyy,28066 Glendale Place,Europe/Volgograd
-9.4033,119.5606,Indonesia,Sangumata,694 Dapin Way,Asia/Makassar
40.2314017,44.2477669,Armenia,Aghavnatun,1236 Eagle Crest Terrace,Asia/Yerevan
58.316667,12.3166671,Sweden,TrollhÃ_ttan,4803 Carpenter Way,Europe/Stockholm
-7.2114552,112.7450068,Indonesia,Semampir,5704 Vidon Park,Asia/Jakarta
14.4349111,102.1632718,Thailand,Khon Buri,7561 Eliot Court,Asia/Bangkok
8.18806,124.60972,Philippines,Lingion,9 Holmberg Pass,Asia/Manila
22.270978,113.576677,China,Zhouhu,9452 Becker Drive,Asia/Shanghai
24.0441592,90.9856518,Bangladesh,Bhairab BÄÅzÄÅr,4 Fremont Center,Asia/Dhaka
-8.3765619,115.1918802,Indonesia,Mekarsari,06840 Center Alley,Asia/Jakarta
49.0920346,16.6293361,Czech Republic,Rajhradice,8426 Iowa Street,Europe/Prague
52.08234,5.1175293,Netherlands,Utrecht (stad),7 Montana Court,Europe/Amsterdam
-2.4659779,28.817249,Democratic Republic of the Congo,Kabare,18 Jenna Trail,Africa/Lubumbashi
4.4942318,9.5617847,Cameroon,Mbanga,752 Sloan Drive,Africa/Douala
-11.7386611,-75.5611485,Peru,Marco,9391 Meadow Vale Circle,America/Lima
-8.5248669,117.3959673,Indonesia,Semongkat,6 Forster Circle,Asia/Makassar
60.145521,16.17123,Sweden,Avesta,66 Old Shore Center,Europe/Stockholm
-6.1583904,106.4288088,Indonesia,Sukamulya,079 Bellgrove Terrace,Asia/Jakarta
30.128901,104.627636,China,Ziyang,08663 Summerview Circle,Asia/Shanghai
32.6480275,-16.9417632,Portugal,Funchal,18780 Dexter Lane,Atlantic/Madeira
40.02219,98.99644,China,Yangjingziwan,1451 Ohio Terrace,Asia/Chongqing
53.1406245,17.1259608,Poland,BiaÅ‚oÅ›liwie,4456 Montana Avenue,Europe/Warsaw
38.1162631,140.8585745,Japan,Asahi,9599 Dottie Drive,Asia/Tokyo
28.0250371,57.745955,Iran,KahnÅ«j,516 Superior Park,Asia/Tehran
42.9107635,20.8386377,Kosovo,ZveÄçan,9 Dayton Parkway,Europe/Belgrade
-21.9719784,-51.6528409,Brazil,Santo AnastÃ¡cio,962 Golf View Plaza,America/Sao_Paulo
32.4464635,62.1454133,Afghanistan,Farah,48 Birchwood Court,Asia/Kabul
-51.57321,-72.3508,Argentina,Yacimiento RÃ_o Turbio,62036 Fordem Terrace,America/Santiago
49.6629527,18.2269255,Czech Republic,FryÄçovice,915 West Pass,Europe/Prague
36.1181827,36.5162077,Syria,Kafr TakhÄÅrÄ«m,5 Atwood Circle,Asia/Damascus
35.0702051,118.2536287,China,Jiefang,5 Transport Way,Asia/Shanghai
49.4841887,17.3382537,Czech Republic,Brodek u PÅ™erova,1 Hayes Trail,Europe/Prague
40.400611,122.348936,China,Gaizhou,45 Lakeland Parkway,Asia/Harbin
39.9996674,116.3264439,China,Qinghua,86 Truax Place,Asia/Harbin
19.2859752,-99.0474345,Mexico,Miguel Hidalgo,4401 La Follette Street,America/Mexico_City
28.3285373,109.6029048,China,Aizhai,07020 Garrison Avenue,Asia/Chongqing
49.2484813,17.7516417,Czech Republic,HvozdnÃ¡,1304 Scoville Center,Europe/Prague
28.003553,96.657898,China,Towa,4 Burning Wood Point,Asia/Chongqing
40.3620707,-8.5535343,Portugal,OurentÃ£,32 Delladonna Way,Europe/Lisbon
26.497765,101.738528,China,Renhe,3 Raven Center,Asia/Chongqing
32.777591,35.305683,Israel,Rumat Heib,54 Evergreen Road,Asia/Jerusalem
26.686335,107.520386,China,Fuquan,85 Forest Plaza,Asia/Shanghai
52.721723,-2.244703,United Kingdom,Marston,9029 Service Avenue,Europe/London
-6.9871199,107.8487279,Indonesia,Nagrog Wetan,1 Esker Center,Asia/Jakarta
37.0038961,21.9202642,Greece,RizÃ_milos,37 Trailsway Terrace,Europe/Athens
46.252804,-72.9507829,Canada,Louiseville,38954 Forest Pass,America/Montreal
-29.1294007,-56.5481122,Brazil,Itaqui,22 Haas Circle,America/Sao_Paulo
45.7340335,-74.1402449,Canada,Mirabel,85 Kinsman Pass,America/Montreal
-32.9677252,-68.8493333,Argentina,Plaza Huincul,8786 Lakewood Point,America/Argentina/Salta
15.5450531,121.0872097,Philippines,Palayan City,51 Oak Point,Asia/Manila
41.3456622,23.9060624,Greece,KÃ¡to NevrokÃ_pi,37910 Elmside Plaza,Europe/Sofia
10.1834676,123.7325652,Philippines,Langtad,6 Cottonwood Junction,Asia/Manila
18.504589,108.79313,China,Huangliu,8 Park Meadow Court,Asia/Chongqing
34.0556839,73.1511314,Pakistan,HaveliÄÅn,8 Fairview Way,Asia/Karachi
54.1170868,17.3165528,Poland,Tuchomie,193 Mallard Terrace,Europe/Warsaw
22.54921,114.103143,China,Hongling,544 Packers Road,Asia/Chongqing
6.1244023,100.3674801,Malaysia,Alor Setar,8972 Texas Road,Asia/Kuala_Lumpur
55.7562751,38.6792665,Russia,Pavlovskiy Posad,883 Dakota Road,Europe/Moscow
29.5692083,50.5239096,Iran,Bandar-e GanÄÅveh,474 Di Loreto Lane,Asia/Tehran
21.776254,111.221995,China,Shalang,54400 Ruskin Parkway,Asia/Chongqing
55.3964727,13.5973884,Sweden,Kalmar,55 Columbus Center,Europe/Stockholm
-7.3251,108.0264,Indonesia,Cimonyong,38 Doe Crossing Alley,Asia/Jakarta
-6.8330992,106.3198908,Indonesia,Warungbanten,546 Dorton Road,Asia/Jakarta
53.3500473,-6.2755912,Ireland,Kingscourt,60 Shoshone Terrace,Europe/Dublin
46.2201972,-64.5346866,Canada,Shediac,19 Troy Drive,America/Moncton
9.135346,-75.2887369,Colombia,SampuÃ©s,47 East Pass,America/Bogota
-8.4114856,116.1713917,Indonesia,Tanjung,50547 Glacier Hill Park,Asia/Makassar
30.572815,104.066801,China,Shangdu,56690 Eliot Lane,Asia/Harbin
-6.9568794,112.8544932,Indonesia,Cendagah,9 Pearson Circle,Asia/Makassar
51.1372058,1.2986666,United Kingdom,Buckland,9740 Hanson Avenue,Europe/London
50.282951,18.2785364,Poland,Bierawa,28309 Waubesa Avenue,Europe/Warsaw
40.42639,49.98361,Azerbaijan,Amirdzhan,780 Shopko Point,Asia/Baku
5.9840985,116.0761121,Malaysia,Kota Kinabalu,7864 Pepper Wood Road,Asia/Kuching
41.45,128.833333,North Korea,Namyang-dong,9522 Springs Center,Asia/Pyongyang
24.513025,117.647093,China,Gangou,049 Waxwing Alley,Asia/Chongqing
34.31028,108.975658,China,Daminggong,46 Westridge Street,Asia/Chongqing
-30.2932904,28.7693554,South Africa,Matatiele,762 Muir Avenue,Africa/Maseru
26.6664174,-80.0894977,United States,West Palm Beach,01686 Towne Junction,America/New_York
53.5650926,-7.7655701,Ireland,Ballymahon,930 New Castle Road,Europe/Dublin
40.9178949,-8.4250467,Portugal,FajÃµes,5556 Barnett Place,Europe/Lisbon
38.7637108,-9.327504,Portugal,Francos,88909 Russell Hill,Europe/Lisbon
40.7388893,43.9061272,Armenia,Arevik,31 Clove Circle,Asia/Yerevan
25.178421,106.099617,China,Wangmo,683 Kensington Avenue,Asia/Chongqing
37.4562557,126.7052062,South Korea,Incheon,395 Mallory Circle,Asia/Seoul
-34.6503449,-58.5581402,Argentina,Gobernador Costa,937 Dakota Street,America/Argentina/Catamarca
18.4849304,-69.8887766,Dominican Republic,Villa Francisca,3 Barby Alley,America/Santo_Domingo
26.396895,118.449395,China,Youxikou,221 Grover Way,Asia/Shanghai
11.0606917,-69.7137997,Venezuela,La Cruz de Taratara,638 Jenifer Point,America/Caracas
50.8816379,20.4659289,Poland,PiekoszÃ_w,0279 Lyons Court,Europe/Warsaw
24.808198,118.03177,China,Zhangxi,487 Declaration Way,Asia/Chongqing
27.69965,108.839557,China,Jiangkou,3460 Mosinee Plaza,Asia/Chongqing
48.7037515,2.3056035,France,Chilly-Mazarin,06921 Miller Road,Europe/Paris
39.035613,115.213446,China,Malianchuan,1 Golden Leaf Plaza,Asia/Chongqing
43.9340953,18.8019069,Bosnia and Herzegovina,Sokolac,57 Crowley Center,Europe/Sarajevo
26.458254,114.786182,China,Wanâ€™an,935 Dovetail Junction,Asia/Shanghai
31.1393795,-97.8047404,United States,Waco,567 Helena Terrace,America/Chicago
10.3296345,37.7343987,Ethiopia,Debre Markâ€™os,61615 Elka Way,Africa/Addis_Ababa
35.2617507,57.973082,Iran,Bardaskan,68 Heffernan Plaza,Asia/Tehran
7.7381338,122.8349537,Philippines,Monching,9 Petterle Plaza,Asia/Manila
16.1293948,120.5372119,Philippines,Nama,69734 Crest Line Parkway,Asia/Manila
-4.1383821,103.9724141,Indonesia,Pengandonan,6453 Eggendart Terrace,Asia/Jakarta
18.2544504,-76.8865085,Jamaica,Richmond,03388 Schmedeman Park,America/Jamaica
16.0406339,120.5903599,Philippines,Puncan,05766 Hollow Ridge Avenue,Asia/Manila
18.2886378,-99.4526826,Mexico,Lazaro Cardenas,93504 Starling Place,America/Mexico_City
-9.5318628,124.4364621,Indonesia,Bijaepasu,1 Clarendon Drive,Asia/Makassar
10.5451205,-71.691066,Venezuela,San Francisco,20252 Basil Alley,America/Caracas
-8.233052,113.3100762,Indonesia,Krajan Dua Padomasan,5 Norway Maple Junction,Asia/Jakarta
60.4165735,24.3256379,Finland,Vihti,337 6th Alley,Europe/Helsinki
-1.259553,104.100502,Indonesia,Simpang,08498 Warner Court,Asia/Jakarta
40.4222843,-80.0367259,United States,Pittsburgh,75023 Carberry Road,America/New_York
10.584981,-62.3037176,Venezuela,GÃ_iria,0339 Troy Street,America/Caracas
-6.9014042,106.8370122,Indonesia,Lembursawah,04 Maple Wood Parkway,Asia/Jakarta
53.450694,-6.1479779,Ireland,Malahide,3 Pierstorff Terrace,Europe/Dublin
41.2101217,-95.9991228,United States,Omaha,3869 Towne Place,America/Chicago
48.4470051,23.2604434,Ukraine,Kushnytsya,473 Brown Parkway,Europe/Uzhgorod
26.3039206,127.7616484,Japan,Chatan,8026 Bunting Street,Asia/Tokyo
0.9463536,-74.4994517,Colombia,Cartagena del ChairÃ¡,54486 Darwin Park,America/Bogota
35.256108,113.322332,China,Macun,7 Mcbride Alley,Asia/Shanghai
49.99754,5.9475635,Luxembourg,Eschweiler,0184 Garrison Park,Europe/Brussels
-4.3601087,14.7608448,Republic of the Congo,Kinkala,72544 Fordem Trail,Africa/Kinshasa
28.109577,107.269482,China,Wangcao,56 Annamark Drive,Asia/Chongqing
28.440223,114.993228,China,Tangpu,75 Rowland Junction,Asia/Shanghai
44.3660736,19.8379835,Serbia,JoÅ¡eva,67 Golden Leaf Terrace,Europe/Sarajevo
23.113478,113.417068,China,Dongpu,52 Carpenter Lane,Asia/Chongqing
47.81227,38.28822,Ukraine,Kuteynykove,901 Clove Center,Europe/Zaporozhye
2.286994,102.305535,Malaysia,Melaka,8 Russell Drive,Asia/Kuala_Lumpur
30.271087,120.166448,China,Huaguo,8 Graceland Park,Asia/Chongqing
39.947072,116.4649163,China,Banpu,1 Cottonwood Place,Asia/Shanghai
47.2420053,-122.4206086,United States,Tacoma,1 Gerald Place,America/Los_Angeles
26.604594,106.724426,China,Yunyan,4338 Village Green Trail,Asia/Chongqing
-8.7593366,115.5977123,Indonesia,Pejukutan,9167 Karstens Drive,Asia/Makassar
6.313861,-76.13181,Colombia,Urrao,783 Anderson Pass,America/Bogota
-8.0685658,111.6809778,Indonesia,Salamrejo,1232 Ramsey Court,Asia/Jakarta
35.2037032,-80.7842188,United States,Charlotte,999 John Wall Plaza,America/New_York
-25.9480519,31.1338071,Swaziland,Bulembu,3 Coolidge Place,Africa/Johannesburg
47.975777,25.8865511,Ukraine,Bila Krynytsya,252 Brentwood Circle,Europe/Kiev
-18.4097245,-49.2162908,Brazil,Itumbiara,28 Victoria Street,America/Sao_Paulo
-33.5922807,-71.6055123,Chile,San Antonio,25 Amoth Circle,America/Santiago
41.54142,24.6964808,Bulgaria,Smolyan,635 Meadow Vale Way,Europe/Sofia
45.2557594,41.8390104,Russia,Novorozhdestvenskaya,97444 Oakridge Hill,Europe/Moscow
39.2075584,-8.6259188,Portugal,Almeirim,22054 Haas Center,Europe/Lisbon
21.912701,111.902604,China,Mafang,9 Spaight Place,Asia/Chongqing
-20.9827531,-48.0563942,Brazil,Pontal,38 Brentwood Point,America/Sao_Paulo
32.412199,121.161171,China,Juzhen,0549 8th Terrace,Asia/Shanghai
-7.71725,108.07666,Indonesia,Leuwipicung,98 Thierer Way,Asia/Jakarta
-34.6261642,-58.4754013,Argentina,Aranguren,4 Cascade Alley,America/Argentina/Cordoba
-7.8013074,111.6541483,Indonesia,Ngembel,90 Eastlawn Court,Asia/Jakarta
50.2350707,38.0596975,Russia,Valuyki,43 Dwight Street,Europe/Moscow
57.141246,22.5366558,Latvia,Stende,48161 Loftsgordon Road,Europe/Riga
38.92,-76.99,United States,Washington,1 Harper Place,America/New_York
50.2609615,16.101507,Czech Republic,OpoÄçno,7985 Reindahl Place,Europe/Prague
43.4945737,5.8978018,France,Paris 16,6103 Colorado Parkway,Europe/Paris
3.592116,98.668662,Indonesia,Glugur Tengah,0441 Bashford Avenue,Asia/Jakarta
9.4312231,-69.9520561,Venezuela,ParaÃ_so de ChabasquÃ©n,74696 Namekagon Crossing,America/Caracas
35.1852624,35.9533322,Syria,BÄÅniyÄÅs,6 Lake View Way,Asia/Damascus
50.8667699,18.828601,Poland,CzÄ™stochowa,7513 Novick Trail,Europe/Warsaw
39.9666494,116.4041472,China,Zhonghe,780 Hooker Place,Asia/Harbin
7.4951158,134.6336896,Palau,Melekeok Village,84657 Onsgard Crossing,Pacific/Palau
26.885704,120.005147,China,Xiabuji,6 Coolidge Park,Asia/Shanghai
35.3255514,25.2773184,Greece,GoÃºrnes,942 Ludington Park,Europe/Athens
14.6002303,121.0480673,Philippines,Tiling,775 Loomis Point,Asia/Manila
25.386379,114.922922,China,Xinfeng,98 Hoepker Avenue,Asia/Shanghai
52.2861138,20.8081804,Poland,HornÃ_wek,32609 Superior Road,Europe/Warsaw
-10.507793,-40.323089,Brazil,Campo Formoso,30112 Colorado Alley,America/Bahia
53.3326761,48.6446327,Russia,Shigony,572 Continental Crossing,Europe/Samara
54.7599431,20.1021063,Russia,Svetlyy,674 5th Hill,Europe/Kaliningrad
53.194641,45.0240889,Russia,Penza,82666 Artisan Park,Europe/Moscow
34.978856,103.712902,China,Yeliguan,23 Mitchell Road,Asia/Chongqing
26.960479,114.762098,China,Guantian,162 Stuart Trail,Asia/Shanghai
55.7,37.58333,Russia,Novyye CherÃ«mushki,3718 Hovde Way,Europe/Moscow
29.33903,104.778442,China,Zigong,890 Westport Plaza,Asia/Chongqing
33.06748,107.023323,China,Hanzhong,4175 Moland Lane,Asia/Chongqing
32.13698,35.18595,Palestinian Territory,ZaytÄÅ JammÄÅâ€˜Ä«n,2073 Maple Wood Junction,Asia/Hebron
-7.8426533,110.3859913,Indonesia,Tamanan,5 Little Fleur Circle,Asia/Jakarta
43.3032794,5.380142,France,Marseille,29 Florence Place,Europe/Paris
59.1477457,10.1916192,Norway,Sandefjord,5 Shopko Terrace,Europe/Oslo
44.9544161,42.0328581,Russia,Stavropolâ€™,84512 High Crossing Center,Europe/Moscow
31.364902,108.249509,China,Gaoqiao,55 Summit Terrace,Asia/Chongqing
-7.0448624,111.9075351,Indonesia,Wadung,15280 Thackeray Drive,Asia/Jakarta
56.7653841,60.665967,Russia,Krasnaya Gorka,9 Dorton Terrace,Europe/Moscow
30.63963,114.385538,China,Qingshan,256 Muir Street,Asia/Chongqing
49.9166289,19.1520875,Poland,Wilamowice,46031 Jay Pass,Europe/Warsaw
10.1769828,38.1239492,Ethiopia,Dejen,48 Westridge Court,Africa/Addis_Ababa
-6.9140922,112.4202058,Indonesia,Bluri,4279 Arapahoe Court,Asia/Jakarta
32.679852,-16.8502879,Portugal,Camacha,101 Meadow Valley Court,Africa/Accra
60.7613626,22.6422393,Finland,PÃ¶ytyÃ_,5 Carberry Street,Europe/Helsinki
14.2552463,-89.8497574,Guatemala,El JÃ_caro,27948 Browning Pass,America/Guatemala
47.573689,34.8688115,Ukraine,Vyshchetarasivka,619 Northport Lane,Europe/Zaporozhye
51.6773339,5.0633742,Netherlands,Waalwijk,57704 Dayton Lane,Europe/Amsterdam
-29.9132584,-51.1861921,Brazil,Canoas,00 Bellgrove Place,America/Sao_Paulo
12.6679167,123.9881642,Philippines,Bantog,1762 Bashford Center,Asia/Manila
30.3312397,120.1534039,China,Shixiang,11264 4th Circle,Asia/Chongqing
50.969668,18.7293002,Poland,Krzepice,293 Hazelcrest Park,Europe/Warsaw
24.063883,99.200253,China,Gantang,9304 Bonner Point,Asia/Harbin
8.1380673,100.1255164,Thailand,Chian Yai,1210 Merrick Pass,Asia/Bangkok
7.2576942,9.9744535,Nigeria,Takum,84025 Holmberg Park,Africa/Lagos
34.1672881,-118.153228,United States,Pasadena,1801 Bashford Hill,America/Los_Angeles
53.2987724,-6.366762,Ireland,Aughrim,707 Transport Circle,Europe/Dublin
22.830644,112.94593,China,Gulao,0063 Shasta Terrace,Asia/Chongqing
-3.8398302,-62.0610928,Brazil,CodajÃ¡s,9186 Caliangt Trail,America/Manaus
32.19061,35.29332,Palestinian Territory,RÅ«jayb,73 Elgar Trail,Asia/Hebron
39.1442379,23.8641946,Greece,PatitÃ_rion,63194 Forest Dale Hill,Europe/Athens
4.4613091,96.5249759,Indonesia,Beutong Ateuh,98 Sunfield Trail,Asia/Pontianak
-18.0292038,-63.4021544,Bolivia,Limoncito,445 Oneill Crossing,America/La_Paz
18.8239558,-69.7403955,Dominican Republic,Monte Plata,02169 Green Ridge Avenue,America/Santo_Domingo
-23.2251621,-45.8861749,Brazil,SÃ£o JosÃ© dos Campos,8 Carioca Circle,America/Sao_Paulo
14.7342524,121.0702642,Philippines,Esperanza,9 Elgar Parkway,Asia/Manila
50.4553587,30.7716386,Ukraine,Knyazhichi,49968 Columbus Circle,Europe/Kiev
-15.81644,-73.968712,Peru,Achanizo,0 Darwin Road,America/Lima
-28.3833642,-53.929557,Brazil,IjuÃ_,4809 Linden Crossing,America/Sao_Paulo
48.8466523,2.2582125,France,Paris 15,476 Mariners Cove Crossing,Europe/Paris
6.4387946,100.1947477,Malaysia,Kangar,59 Lighthouse Bay Alley,Asia/Kuala_Lumpur
15.2008428,-12.9449928,Senegal,SÃ©mÃ©,037 Anzinger Pass,Africa/Bamako
43.4945737,5.8978018,France,Paris 18,9992 Hovde Pass,Europe/Paris
6.647477,101.2353772,Thailand,Mae Lan,9765 Kennedy Park,Asia/Bangkok
28.39895,113.02064,China,Beishan,9812 Mayfield Way,Asia/Chongqing
6.9655812,125.4609462,Philippines,Baracatan,4831 Wayridge Trail,Asia/Manila
38.6319438,-9.0477594,Portugal,Palhais,3009 Cottonwood Terrace,Europe/Lisbon
40.6878581,46.3723313,Azerbaijan,Ganja,8 Lawn Terrace,Asia/Baku
-8.1101209,112.3963638,Indonesia,Tapakrejo,5 Center Lane,Asia/Jakarta
35.422892,103.352654,China,Linxia Chengguanzhen,180 Wayridge Hill,Asia/Chongqing
10.29041,-67.6274785,Venezuela,El LimÃ_n,4922 Acker Street,America/Caracas
22.517585,113.39277,China,Zhongshanmen,6 Waywood Junction,Asia/Shanghai
19.6402143,-99.0654022,Mexico,La Laguna,9378 Derek Trail,America/Mexico_City
47.719429,107.795502,Mongolia,Arhust,9 Arrowood Center,Asia/Ulaanbaatar
13.264915,123.4256573,Philippines,Libon,965 Meadow Ridge Junction,Asia/Manila
45.7873408,126.7075176,China,Jinrongjie,113 Glendale Pass,Asia/Harbin
14.6135888,121.0957927,Philippines,De la Paz,8 Mosinee Court,Asia/Manila
17.0187975,103.2432632,Thailand,Si That,04932 Tony Avenue,Asia/Bangkok
-17.0918434,-71.7711448,Peru,Cocachacra,25459 Vera Park,America/Lima
29.0994968,119.700816,China,Fushi,65380 Alpine Terrace,Asia/Shanghai
46.4270739,16.5473979,Croatia,Belica,74483 Warbler Place,Europe/Zagreb
3.6275746,98.9797467,Indonesia,Pantai Ceuremen,7 Summerview Pass,Asia/Pontianak
49.8363158,36.6813123,Ukraine,Chuhuyiv,45 Katie Terrace,Europe/Zaporozhye
-13.1638737,-74.2235641,Peru,Pujocucho,242 Londonderry Avenue,America/Lima
-8.738072,118.1171082,Indonesia,Maumbawa,731 Towne Street,Asia/Makassar
41.403128,119.64328,China,Jianping,43847 Havey Circle,Asia/Chongqing
33.612843,113.667436,China,Jiatou,0 Fordem Parkway,Asia/Shanghai
-6.6421188,108.1873407,Indonesia,Pasiripis,73449 Saint Paul Park,Asia/Jakarta
47.0166139,-68.1430098,Sweden,Stockholm,1 Sage Street,Europe/Stockholm
60.1960972,17.8961823,Sweden,Ã–sterbybruk,3874 Canary Plaza,Europe/Stockholm
32.584328,111.948474,China,Tanggan,9 Hanson Alley,Asia/Chongqing
50.3539017,14.4817813,Czech Republic,MÄ›lnÃ_k,22104 Debra Court,Europe/Prague
45.7676321,15.6745822,Croatia,Rude,2078 Prentice Junction,Europe/Zagreb
50.2759698,19.5946634,Poland,Olkusz,2 Jay Place,Europe/Warsaw
38.918056,117.448512,China,Dongzha,85 Oriole Avenue,Asia/Shanghai
29.584292,111.380014,China,Shimen,0 Dayton Terrace,Asia/Chongqing
15.3657777,-90.4792939,Guatemala,San CristÃ_bal Verapaz,28004 Chive Pass,America/Guatemala
60.7099757,46.4179523,Russia,Velikiy Ustyug,9479 Goodland Lane,Europe/Moscow
-22.5284121,-43.7334089,Brazil,Mendes,1 Tennyson Circle,America/Sao_Paulo
47.3892142,0.6942885,France,Tours,925 Burrows Point,Europe/Paris
-7.9551186,-79.2394761,Peru,Santiago de Cao,92235 Dryden Court,America/Lima
35.4693091,134.7938651,Japan,Tsuruoka,9 Algoma Alley,Asia/Tokyo
14.2976248,120.9082571,Philippines,Himaya,74726 Dwight Court,Asia/Manila
50.3411289,16.0079822,Czech Republic,Å estajovice,0 Alpine Avenue,Europe/Prague
20.810762,110.187052,China,Leigao,6357 Forster Avenue,Asia/Urumqi
30.909922,115.943284,China,Taojiahe,8 Arrowood Terrace,Asia/Shanghai
6.0343516,124.5217429,Philippines,Laiya,25 Tennyson Point,Asia/Manila
16.4656784,102.7834876,Thailand,Khon Kaen,4 Merrick Point,Asia/Bangkok
-6.2649072,106.7567589,Indonesia,Sedandang,63162 Susan Place,Asia/Jakarta
48.5239429,37.7075811,Ukraine,Kostyantynivka,6914 Schmedeman Court,Europe/Zaporozhye
59.1499143,9.6586061,Norway,Porsgrunn,28 Hintze Road,Europe/Oslo
26.6866896,-78.9712451,Bahamas,West End,32 Eagan Park,America/Nassau
29.117096,110.479191,China,Zhangjiaji,366 Eagan Point,Asia/Shanghai
-6.1226719,106.8902366,Indonesia,Congkar,89175 Scott Point,Asia/Makassar
43.3815181,133.9055702,Russia,Lazo,71 Oxford Center,Asia/Vladivostok
35.2299999,-80.84,United States,Charlotte,13 Meadow Valley Street,America/New_York
60.0715764,15.0050581,Sweden,GrÃ_ngesberg,94 Banding Circle,Europe/Stockholm
37.9904219,23.6583002,Greece,AgÃ_a VarvÃ¡ra,43172 Nobel Trail,Europe/Athens
-7.2033646,111.6630914,Indonesia,Gapluk,2023 Pierstorff Park,Asia/Jakarta
4.485011,-74.259334,Colombia,SibatÃ©,09015 Ramsey Way,America/Bogota
44.0227778,42.7491668,Russia,Podkumskiy,51827 Holy Cross Plaza,Europe/Moscow
48.7720518,2.4921227,France,Bonneuil-sur-Marne,3 Kinsman Lane,Europe/Paris
36.0006475,136.4995151,Japan,Nakatsugawa,66 Hayes Trail,Asia/Tokyo
-19.5728709,18.1072924,Namibia,Grootfontein,7155 Leroy Alley,Africa/Windhoek
53.1620102,16.6118082,Poland,SzydÅ‚owo,9 Sunfield Terrace,Europe/Warsaw
-6.21956,106.92596,Indonesia,Kaduranca,8756 Ridgeview Drive,Asia/Jakarta
-6.8806715,108.5017948,Indonesia,Panawuan,6743 Karstens Drive,Asia/Jakarta
23.326616,110.034076,China,Yongyang,80 Lindbergh Pass,Asia/Shanghai
41.676243,125.769983,China,Kuaidamao,77 Reinke Road,Asia/Harbin
33.007669,106.7183225,China,Taoyao,27501 Lunder Hill,Asia/Shanghai
37.8336281,-122.2029832,United States,Oakland,9 Iowa Junction,America/Los_Angeles
40.927135,-8.5178319,Portugal,Sanfins,10 Arapahoe Hill,Europe/Lisbon
15.8229771,120.2604675,Philippines,Pogonsili,92658 Hallows Avenue,Asia/Manila
43.4945737,5.8978018,France,Paris 13,73 Eagle Crest Street,Europe/Paris
30.242572,120.053059,China,Liuxia,92113 Bartelt Drive,Asia/Shanghai
41.1155359,70.1039032,Uzbekistan,Yangiobod,52568 Center Crossing,Asia/Tashkent
39.109563,117.223371,China,Hexi,76 Utah Street,Asia/Shanghai
-6.3917341,106.8856933,Indonesia,Sukatani,18 Mcbride Junction,Asia/Jakarta
31.2303904,121.4737021,China,Changhao,93 Beilfuss Park,Asia/Chongqing
34.810487,117.323725,China,Yaozhuang,45 Mariners Cove Point,Asia/Chongqing
45.4381658,4.3868779,France,Saint-Ã‰tienne,1481 Katie Street,Europe/Paris
34.8323566,33.5895956,Cyprus,PerivÃ_lia,0129 Novick Court,Asia/Nicosia
-8.1830575,113.9358031,Indonesia,Sumberjati,6 Southridge Way,Asia/Jakarta
19.6267726,-99.2993504,Mexico,Buenavista,28238 Schiller Center,America/Mexico_City
30.169665,121.266579,China,Chixi,53812 Lakewood Drive,Asia/Shanghai
56.3041802,101.7805781,Russia,Bratsk,190 Warner Street,Asia/Irkutsk
41.884195,22.505053,Macedonia,Vinica,161 Clarendon Circle,Europe/Skopje
52.1155638,16.3514938,Poland,Wielichowo,85535 Eastlawn Circle,Europe/Warsaw
-8.1370235,112.0148478,Indonesia,Panjerrejo,67 Colorado Parkway,Asia/Jakarta
38.7121599,-9.4356652,Portugal,Cobre,99 Cottonwood Court,Europe/Lisbon
35.86278,14.5075,Malta,Santa LuÄ‹ija,8408 Forest Dale Road,Europe/Malta
22.4937132,91.5015009,Bangladesh,SandwÄ«p,45289 Loomis Pass,Asia/Dhaka
50.3445622,16.1514707,Czech Republic,NovÃ© MÄ›sto nad MetujÃ_,933 Larry Pass,Europe/Prague
40.4385006,49.8051354,Azerbaijan,Bilajari,451 Pankratz Trail,Asia/Baku
22.517585,113.39277,China,Zhongshan,278 Corry Way,Asia/Chongqing
30.83537,115.636717,China,Kongjiafang,18 Sutteridge Way,Asia/Shanghai
26.966667,89.3833329,Bhutan,Daphu,10764 Huxley Alley,Asia/Thimphu
-17.3753589,-70.1338535,Peru,Sitajara,0 Summerview Center,America/Lima
54.4132559,100.4819389,Russia,Perfilovo,0934 Knutson Place,Asia/Irkutsk
13.216667,105.266667,Cambodia,PhumÄ_ VÃ©al SrÃª,8106 Little Fleur Trail,Asia/Phnom_Penh
-11.8769261,43.4054565,Comoros,DembÃ©ni,7 Westridge Pass,Indian/Comoro
43.1613333,46.0016156,Russia,Girey,4495 Acker Court,Europe/Moscow
17.7409147,-91.7660525,Mexico,Emiliano Zapata,41 Vahlen Avenue,America/Monterrey
32.8744365,129.9735343,Japan,ÅŒmura,2463 Banding Parkway,Asia/Tokyo
45.2303117,20.2078344,Serbia,Lok,912 Sutherland Court,Europe/Belgrade
35.819227,108.019549,China,Heshui,091 High Crossing Street,Asia/Shanghai
-20.9304923,55.5243352,Reunion,Saint-Denis,07 Cherokee Hill,Indian/Reunion
36.6817149,65.7490624,Afghanistan,ShibirghÄÅn,8267 Delladonna Drive,Asia/Kabul
34.06,-118.31,United States,Los Angeles,03 Waywood Park,America/Los_Angeles
56.7375175,37.1660882,Russia,Dubna,29678 Caliangt Terrace,Europe/Moscow
60.4197445,25.5652484,Finland,Porvoo,850 La Follette Street,Europe/Helsinki
35.1268513,-119.1855785,United States,Bakersfield,0 Farmco Road,America/Los_Angeles
44.5943255,0.057855,France,Fosses,69 Havey Crossing,Europe/Paris
42.13896,21.7247643,Macedonia,Kumanovo,36 Claremont Road,Europe/Skopje
29.866917,118.403786,China,Xitou,79653 Loeprich Place,Asia/Shanghai
59.2426907,17.8471065,Sweden,Norsborg,41951 Moulton Park,Europe/Stockholm
46.1327339,38.9644692,Russia,Staroderevyankovskaya,353 Lillian Street,Europe/Moscow
-4.8220831,-42.1644994,Brazil,Campo Maior,599 Fairfield Way,America/Fortaleza
9.9368373,123.9469641,Philippines,Pinayagan Norte,5 Melvin Drive,Asia/Manila
10.5306091,121.9482983,Philippines,Tobias Fornier,31 Maple Drive,Asia/Manila
22.6764132,-3.9789143,Mali,Taoudenni,36 Bashford Lane,Africa/Algiers
13.8198099,100.5633655,Thailand,Chatuchak,8 Sutherland Trail,Asia/Bangkok
-26.0779448,-53.05199,Brazil,Francisco BeltrÃ£o,5352 Raven Street,America/Sao_Paulo
51.7211356,5.2985109,Netherlands,'s-Hertogenbosch,71 Tony Alley,Europe/Amsterdam
41.0924881,-73.4239143,United States,Norwalk,6883 Bunker Hill Point,America/New_York
37.2488951,10.0415603,Tunisia,Al MatlÄ«n,20 Kingsford Parkway,Africa/Tunis
25.770509,113.014717,China,Chenzui,430 Marcy Road,Asia/Shanghai
32.6969212,-117.1343318,United States,San Diego,104 Tennyson Drive,America/Los_Angeles
49.2277083,17.3189958,Czech Republic,Zdounky,377 Hovde Park,Europe/Prague
39.4854373,-119.8757349,United States,Reno,786 Del Mar Point,America/Los_Angeles
-7.25717,112.67026,Indonesia,Tekik Wetan,36031 Loeprich Crossing,Asia/Jakarta
49.9800949,19.234704,Poland,Grojec,664 Summerview Avenue,Europe/Warsaw
-8.0670006,111.907307,Indonesia,Bago,77159 Cody Way,Asia/Jakarta
41.0522859,20.0524105,Albania,Shirgjan,78 Roxbury Street,Europe/Tirane
41.5780148,19.6966667,Albania,Mamurras,589 Debs Place,Europe/Tirane
44.306097,86.080602,China,Shahezi,388 Blaine Court,Asia/Harbin
40.3373262,20.6794676,Albania,ErsekÃ«,751 Grover Circle,Europe/Tirane
-17.0490108,-41.5612423,Brazil,Padre ParaÃ_so,10 Di Loreto Street,America/Sao_Paulo
44.8310092,37.5460072,Russia,Rayevskaya,2 Chive Street,Europe/Moscow
21.955472,111.244529,China,Hengpi,83351 Knutson Circle,Asia/Shanghai
36.6425079,127.4954241,South Korea,Su-dong,20840 Mcbride Street,Asia/Seoul
-7.9673906,113.9060624,Indonesia,Bondowoso,73353 Marcy Pass,Asia/Jakarta
-6.9430402,107.020589,Indonesia,Cilangla,078 Beilfuss Circle,Asia/Jakarta
55.1052515,82.9514853,Russia,Rodniki,7 Dunning Trail,Europe/Moscow
17.67967,120.35883,Philippines,Puro Pinget,7 Arkansas Pass,Asia/Manila
-22.3002064,-44.9159938,Brazil,Itanhandu,46779 Ridgeway Avenue,America/Sao_Paulo
52.08234,5.1175293,Netherlands,Utrecht (stad),731 Summer Ridge Parkway,Europe/Amsterdam
38.7797038,-9.217191,Portugal,Pontinha,614 Welch Crossing,Europe/Lisbon
48.69682,2.567685,France,Brie-Comte-Robert,1 Basil Center,Europe/Paris
49.8905368,2.3081396,France,Amiens,5 Brickson Park Crossing,Europe/Paris
39.940238,119.58045,China,Jiasi,6 Kensington Center,Asia/Chongqing
25.456453,103.240546,China,Tuanjie,1 Merrick Avenue,Asia/Chongqing
50.0932868,22.6333771,Poland,WÃ_lka PeÅ‚kiÅ„ska,22583 Grim Trail,Europe/Warsaw
46.524673,83.628303,China,Emin,79 Golf Course Lane,Asia/Almaty
-25.8631114,-58.8821875,Argentina,Comandante Fontana,76335 Thompson Lane,America/Argentina/Cordoba
59.6267758,16.4656297,Sweden,VÃ_sterÃ¥s,9556 Sutherland Trail,Europe/Stockholm
24.804061,118.609289,China,Xibin,5896 Twin Pines Road,Asia/Shanghai
21.955472,111.244529,China,Hengpi,32 Luster Way,Asia/Shanghai
22.919769,113.618216,China,Shatian,1 Harper Alley,Asia/Shanghai
28.572029,109.482078,China,Huayuan,20 Judy Junction,Asia/Harbin
45.925854,6.1250598,France,Annecy,3739 Autumn Leaf Trail,Europe/Paris
22.843818,114.164223,China,Qingxi,01968 Pond Terrace,Asia/Harbin
-7.2269461,12.8687414,Angola,Nzeto,6 John Wall Place,Africa/Luanda
57.3690549,22.591118,Latvia,ValdemÄÅrpils,3123 Marcy Lane,Europe/Riga
-18.9745738,-49.4600885,Brazil,Ituiutaba,471 Lakeland Point,America/Sao_Paulo
-18.4315276,-39.9322068,Brazil,ConceiÃ§Ã£o da Barra,01 Emmet Park,America/Bahia
47.731518,-53.2341123,Canada,Carbonear,0323 Northwestern Pass,America/St_Johns
48.1779574,-1.7555399,France,Montaigu,63777 Northridge Pass,Europe/Paris
55.69153,37.493374,Russia,Ramenki,7224 Southridge Pass,Europe/Moscow
-6.1103661,106.1639749,Indonesia,Serang,5482 Kenwood Plaza,Asia/Jakarta
48.1351158,30.077048,Ukraine,Savranâ€™,6773 Reinke Avenue,Europe/Kiev
11.6794479,-84.7015108,Nicaragua,El Almendro,153 Mcbride Lane,America/Managua
5.3245686,-66.054451,Venezuela,San Juan de Manapiare,6 Weeping Birch Center,America/Caracas
-7.1269261,112.3337769,Indonesia,Lamongan,7425 Dryden Park,Asia/Jakarta
17.1056791,120.4557309,Philippines,Santa Lucia,966 Vermont Pass,Asia/Manila
63.4388688,10.4232348,Norway,Trondheim,070 Oriole Road,Europe/Oslo
50.3713333,103.2816977,Russia,Zakamensk,229 Porter Hill,Asia/Irkutsk
9.2214675,122.8845373,Philippines,Manalongon,88 Jenifer Alley,Asia/Manila
48.7764948,17.0214389,Czech Republic,TÃ_nec,61 Coolidge Trail,Europe/Prague
60.3968738,21.3869552,Finland,IniÃ¶,53 Twin Pines Hill,Europe/Helsinki
24.168957,102.405819,China,Eshan,339 Canary Point,Asia/Shanghai
-30.2609293,-57.5929166,Uruguay,Bella UniÃ_n,5 Bartillon Court,America/Argentina/Cordoba
43.858616,21.403911,Serbia,ParaÄ‡in,8 Bonner Place,Europe/Belgrade
40.6098385,20.6898971,Albania,Voskop,15320 Oak Valley Point,Europe/Tirane
-20.0495323,57.584421,Mauritius,Fond du Sac,80761 Blue Bill Park Hill,Indian/Mauritius
51.0768184,17.1762909,Poland,Kamieniec WrocÅ‚awski,4 Fulton Terrace,Europe/Warsaw
31.298974,120.585289,China,Yuzhou,5804 Gerald Point,Asia/Shanghai
-31.4180746,-64.2653484,Argentina,Arauco,67494 Charing Cross Pass,America/Argentina/La_Rioja
25.3365669,56.3432629,United Arab Emirates,Khawr FakkÄÅn,118 Hintze Terrace,Asia/Dubai
13.2317498,123.7702587,Philippines,Santo Domingo,56416 Fisk Terrace,Asia/Manila
15.8874377,-87.8537478,Honduras,Baja Mar,225 Lillian Street,America/Tegucigalpa
8.8732234,104.8162784,Vietnam,Cai Doi Vam,1 Dennis Plaza,Asia/Ho_Chi_Minh
42.5187534,27.4772798,Bulgaria,Burgas,48370 Grim Avenue,Europe/Sofia
38.0823988,15.6383202,Italy,Reggio Calabria,39031 6th Place,Europe/Rome
-7.504714,112.358062,Indonesia,Kedungkrajan,36401 Sycamore Street,Asia/Jakarta
41.9208048,41.9931328,Georgia,Ozurgeti,3 Southridge Trail,Asia/Tbilisi
13.8156076,102.6675575,Thailand,Khok Sung,4414 Bartelt Center,Asia/Bangkok
12.6612116,-0.5683399,Burkina Faso,Boulsa,03726 Merrick Street,Africa/Ouagadougou
1.2061176,31.8164031,Uganda,Kyankwanzi,533 Susan Hill,Africa/Kampala
46.80381,85.45172,China,Tiebukenwusan,7360 Pankratz Terrace,Asia/Almaty
42.0889602,42.5044843,Georgia,Vani,9 Johnson Place,Asia/Tbilisi
54.145036,48.390554,Russia,Novoulâ€™yanovsk,0378 Northfield Trail,Europe/Volgograd
50.1010604,129.4430074,Russia,Zavitinsk,149 Drewry Hill,Asia/Yakutsk
60.0190188,30.648656,Russia,Vsevolozhsk,7884 Manley Court,Europe/Moscow
9.1860402,35.8334494,Ethiopia,Gimbi,015 3rd Alley,Africa/Addis_Ababa
35.6046794,139.730028,Japan,ÅŒi,147 Morningstar Drive,Asia/Tokyo
56.9651439,26.3110469,Latvia,Cesvaine,69 Killdeer Lane,Europe/Riga
-8.6489,120.7616,Indonesia,Nggelok,4 Acker Plaza,Asia/Makassar
36.3548175,36.6980807,Syria,Medaya,32 Grayhawk Road,Asia/Damascus
32.276495,111.468844,China,Shihua,25446 Morrow Way,Asia/Chongqing
41.3121037,-8.1656088,Portugal,Bacelo,93 Merchant Place,Europe/Lisbon
21.1494763,-100.956682,Mexico,Lindavista,0 Weeping Birch Parkway,America/Mexico_City
39.822507,109.963338,China,Dongsheng,4734 Scoville Court,Asia/Chongqing
50.5904776,30.4831983,Ukraine,Vyshhorod,903 Darwin Pass,Europe/Kiev
24.31049,116.116695,China,Meijiang,5 Jana Way,Asia/Chongqing
34.5724074,107.0351315,China,Shuangbaiyang,74778 Sage Plaza,Asia/Chongqing
12.289736,10.3525964,Nigeria,Katagum,2845 Cambridge Plaza,Africa/Lagos
13.253123,-59.6377134,Barbados,Speightstown,3 Bluestem Terrace,America/Barbados
53.0863997,18.6197864,Poland,ÅÅysomice,891 Acker Way,Europe/Warsaw
36.285616,115.147814,China,Daming,84300 Laurel Alley,Asia/Shanghai
53.6482058,52.1229541,Russia,Pokhvistnevo,07 Pawling Court,Europe/Samara
29.696108,118.315329,China,Tanxi,7566 Maple Wood Crossing,Asia/Chongqing
25.085589,104.8951,China,Panjiang,72076 New Castle Avenue,Asia/Chongqing
39.4472756,45.2771033,Azerbaijan,Ã‡alxanqala,359 Onsgard Terrace,Asia/Baku
30.3039275,120.3376132,China,Daqian,57 Lakewood Parkway,Asia/Chongqing
39.624437,118.200692,China,Lubei,27 Saint Paul Point,Asia/Shanghai
-8.1553145,111.8270486,Indonesia,Pakel,9692 Debra Crossing,Asia/Jakarta
17.622182,120.6190252,Philippines,Calaba,44753 Holy Cross Court,Asia/Manila
-25.3631459,-49.0801588,Brazil,Quatro Barras,37 Springs Park,America/Sao_Paulo
45.0169373,39.1009227,Russia,Pashkovskiy,4804 Badeau Pass,Europe/Moscow
40.8103206,19.9199137,Albania,KuÃ§ovÃ«,28 Monument Terrace,Europe/Tirane
30.2638032,102.8054753,China,Sishan,6678 Ronald Regan Avenue,Asia/Shanghai
22.356083,112.562369,China,Zhongcheng,8 Loeprich Crossing,Asia/Chongqing
5.3268119,132.2239117,Palau,Sonsorol Village,8171 Vahlen Junction,Pacific/Palau
49.0371335,3.979371,France,Ã‰pernay,61361 Bowman Parkway,Europe/Paris
46.5875931,39.3949398,Russia,Shkurinskaya,65691 Warbler Junction,Europe/Moscow
-19.157438,-45.4447859,Brazil,AbaetÃ©,5902 Bayside Parkway,America/Sao_Paulo
51.5116933,-0.0829051,United Kingdom,London,6 Amoth Avenue,Europe/London
-16.5030766,-68.1346594,Bolivia,San Pedro,58 Porter Lane,America/La_Paz
13.8792736,45.8695185,Yemen,Lawdar,276 Esker Center,Asia/Aden
40.88472,20.09944,Albania,Sult,71 Thompson Parkway,Europe/Tirane
45.7787293,3.0857432,France,Clermont-Ferrand,7978 Mariners Cove Junction,Europe/Paris
37.5034138,126.7660309,South Korea,Bucheon-si,08 Ludington Way,Asia/Seoul
-8.2660783,-77.8524505,Peru,Conchucos,2911 Dawn Avenue,America/Lima
51.7421319,39.1374839,Russia,Voronezh,591 Onsgard Court,Europe/Moscow
-39.103215,-67.0940101,Argentina,Villa Regina,322 Johnson Terrace,America/Argentina/Salta
-7.6387228,111.0460407,Indonesia,Karanganyar,51562 Mcguire Crossing,Asia/Jakarta
10.8847156,121.9757838,Philippines,Aurelliana,159 Northfield Circle,Asia/Manila
43.3911349,42.9174509,Russia,Tyrnyauz,1747 Sugar Circle,Europe/Moscow
51.3895069,22.1851171,Poland,KurÃ_w,8 Manufacturers Alley,Europe/Warsaw
37.9642589,-121.2569138,United States,Stockton,9 Prairieview Junction,America/Los_Angeles
59.3618675,17.9791475,Sweden,Sundbyberg,0 Nobel Avenue,Europe/Stockholm
8.9245,-74.47033,Colombia,Pinillos,663 Center Avenue,America/Bogota
6.9791945,39.1803741,Ethiopia,Dodola,0 Graedel Terrace,Africa/Addis_Ababa
26.480043,113.778639,China,Xiayang,57 Fremont Crossing,Asia/Chongqing
53.8819853,18.5517476,Poland,Bobowo,76 5th Plaza,Europe/Warsaw
39.8019855,-8.8714085,Portugal,Amor,94 Cherokee Place,Europe/Lisbon
54.2694844,-7.0943023,Ireland,Monaghan,44 Village Center,Europe/London
28.915608,118.579936,China,Jiangjia,73 Glendale Avenue,Asia/Shanghai
-17.1101039,-63.5997921,Bolivia,Santa Rosa del Sara,2 Vermont Crossing,America/La_Paz
16.9075213,96.5623251,Myanmar,Kayan,935 School Place,Asia/Rangoon
17.387112,102.7755279,Thailand,Udon Thani,643 Charing Cross Point,Asia/Bangkok
4.637376,-75.570777,Colombia,Salento,3034 Susan Avenue,America/Bogota
21.857958,111.982232,China,Yangjian,0262 Mendota Park,Asia/Shanghai
36.1093631,103.694265,China,Zhaowu,55341 Ohio Plaza,Asia/Chongqing
-7.6044275,109.5766953,Indonesia,Kaliterus,03 Lawn Junction,Asia/Jakarta
-6.3943,105.9495,Indonesia,Bongbong,82689 Quincy Drive,Asia/Jakarta
26.665699,113.75726,China,Taokeng,257 Artisan Avenue,Asia/Chongqing
50.3467983,16.8896987,Poland,Cieplice Å_lÄ…skie ZdrÃ_j,6818 Welch Crossing,Europe/Warsaw
56.3996976,61.8799755,Russia,Martyush,7 Birchwood Court,Asia/Yekaterinburg
34.5594987,112.4678779,China,Longmen,59871 Bellgrove Terrace,Asia/Shanghai
62.1032048,25.6487971,Finland,Muurame,38 Elmside Crossing,Europe/Helsinki
29.654069,110.176918,China,Sifangxi,836 Jana Drive,Asia/Chongqing
14.1893533,122.5171185,Philippines,Tigbinan,0 Village Green Terrace,Asia/Manila
-6.4712737,110.8171082,Indonesia,Kembang,513 Merchant Street,Asia/Jakarta
53.5325424,91.9206341,Russia,Borovoy,327 Ramsey Place,Europe/Moscow
-20.3321939,-40.2897153,Brazil,Vila Velha,3536 Blue Bill Park Terrace,America/Sao_Paulo
-2.631564,140.470795,Indonesia,Genyem,946 Washington Lane,Asia/Jayapura
34.6951012,135.487633,Japan,Fukushima-shi,03344 Helena Pass,Asia/Tokyo
-10.8588218,123.006322,Indonesia,Deranitan,99821 Vera Avenue,Asia/Makassar
-17.9808139,-63.3697226,Bolivia,Santa Rita,171 Doe Crossing Pass,America/La_Paz
53.6179245,109.6396262,Russia,Barguzin,6 Delaware Parkway,Asia/Irkutsk
56.1929385,15.2667633,Sweden,Ronneby,715 Oneill Parkway,Europe/Stockholm
32.9287227,132.7122629,Japan,Sukumo,93 Dahle Junction,Asia/Tokyo
48.25,118.2,China,Amgalang,360 Reinke Street,Asia/Harbin
53.5484541,18.9455238,Poland,RogÃ_Åºno,9 Golf Center,Europe/Warsaw
51.55352,118.3446,Russia,Gazimurskiy Zavod,8162 Helena Crossing,Asia/Yakutsk
52.64321,39.645666,Russia,Sokol,48605 Crowley Hill,Europe/Moscow
48.8373554,2.2682399,France,Issy-les-Moulineaux,06 Annamark Place,Europe/Paris
54.5979325,22.6027073,Russia,Nesterov,58657 Sycamore Road,Europe/Kaliningrad
31.947507,112.017723,China,Yaojiaji,63693 Manley Pass,Asia/Shanghai
45.0030925,43.7825227,Russia,Sotnikovskoye,1 Warner Parkway,Europe/Moscow
27.013081,106.452907,China,Gaojian,68 Spaight Terrace,Asia/Chongqing
-7.9601828,112.6399996,Indonesia,Puutura,23 Westerfield Junction,Asia/Makassar
14.5769063,120.9959319,Philippines,Lanuza,911 Grasskamp Court,Asia/Manila
-6.8956,113.4758,Indonesia,Bukbatang,77 Pawling Circle,Asia/Jakarta
30.044835,112.071813,China,Maojiagang,602 Sauthoff Hill,Asia/Chongqing
-37.0340769,-73.1404838,Chile,Coronel,7418 Mariners Cove Way,America/Santiago
39.42309,20.0718612,Greece,LefkÃ_mmi,70709 Farmco Way,Europe/Athens
54.4168102,27.2930165,Belarus,Ilâ€™ya,0 Thackeray Pass,Europe/Minsk
13.4354977,121.8184253,Philippines,Laylay,1708 Mandrake Terrace,Asia/Manila
35.6495457,63.9113296,Afghanistan,Ghormach,373 Porter Parkway,Asia/Kabul
30.978349,107.980213,China,Shangfang,6616 Cardinal Terrace,Asia/Shanghai
45.4381658,4.3868779,France,Saint-Ã‰tienne,61 Londonderry Way,Europe/Paris
53.7683238,18.1130662,Poland,Szlachta,03 Golden Leaf Parkway,Europe/Warsaw
-6.9140979,112.4708685,Indonesia,Prupuh,801 Pond Junction,Asia/Jakarta
44.7639581,16.6646119,Bosnia and Herzegovina,Sanski Most,764 Glacier Hill Junction,Europe/Sarajevo
3.5262275,98.5708754,Indonesia,Purwojoyo,6772 Reinke Pass,Asia/Jakarta
40.2213038,44.271441,Armenia,Doghs,184 Goodland Center,Asia/Yerevan
53.83333,30.38333,Belarus,Veyno,558 Veith Lane,Europe/Minsk
63.1109993,23.0789691,Finland,Kauhava,13 Lien Alley,Europe/Helsinki
52.0408964,18.9179279,Poland,Å_winice Warckie,282 Oriole Point,Europe/Warsaw
26.2413688,105.9386306,China,Longshi,5771 Morning Street,Asia/Chongqing
5.8874488,10.0191857,Cameroon,Bali,0 Clemons Street,Africa/Douala
34.7226934,135.5286653,Japan,DaitÅçchÅç,617 Reindahl Point,Asia/Tokyo
-6.7992297,106.7620174,Indonesia,Pondokaso,30506 Morning Parkway,Asia/Jakarta
58.9108802,17.9314968,Sweden,NynÃ_shamn,69 Mendota Plaza,Europe/Stockholm
29.012339,105.851885,China,Zhutuo,6 Anzinger Avenue,Asia/Chongqing
7.1807223,124.2218256,Philippines,Tamontaka,77837 Fuller Alley,Asia/Manila
16.6675835,-92.5609482,Mexico,Rancho Nuevo,648 Hooker Crossing,America/Mexico_City
-15.1471649,-73.3406579,Peru,Marcabamba,0106 Superior Court,America/Lima
-8.2464,115.5631,Indonesia,Baturinggit Kaja,074 Blackbird Street,Asia/Makassar
49.9390977,14.5064706,Czech Republic,PsÃ¡ry,7 Lake View Avenue,Europe/Prague
-6.808273,110.846846,Indonesia,Ngangguk,38 Sundown Parkway,Asia/Jakarta
32.629398,110.798266,China,Shiye,87629 Merchant Avenue,Asia/Shanghai
-26.6246782,-52.8955875,Brazil,Irati,41 Dryden Way,America/Sao_Paulo
-8.0545403,111.8268458,Indonesia,Blendis,39432 Evergreen Court,Asia/Jakarta
68.8128001,32.7986688,Russia,Murmashi,9 Elka Crossing,Europe/Moscow
45.376576,38.4403145,Russia,Staronizhestebliyevskaya,28661 Bowman Crossing,Europe/Moscow
56.0058358,71.5005566,Russia,Krutinka,012 New Castle Trail,Asia/Yekaterinburg
14.565668,121.0317737,Philippines,San Juan,01 Buhler Place,Asia/Manila
15.63981,43.55633,Yemen,BanÄ« an NahÄÅrÄ«,52 Del Mar Hill,Asia/Aden
6.7987866,124.6192703,Philippines,Pimbalayan,62 Sherman Plaza,Asia/Manila
-39.103215,-67.0940101,Argentina,Villa Regina,2084 Ruskin Terrace,America/Argentina/Salta
4.398278,-74.828718,Colombia,NariÃ±o,4 Randy Avenue,America/Bogota
14.5482727,-89.6618378,Guatemala,Ipala,278 Fallview Road,America/Guatemala
49.615051,101.9927979,Mongolia,Badrah,06 Westerfield Parkway,Asia/Ulaanbaatar
-9.8543,124.2531,Indonesia,Oenunu,9 Macpherson Court,Asia/Makassar
32.7030883,-96.8029489,United States,Dallas,1 Corscot Trail,America/Chicago
49.1168862,16.5813788,Czech Republic,Å_eleÅ¡ice,41528 Merchant Road,Europe/Prague
23.084827,113.290609,China,Hanfeng,1 Farmco Drive,Asia/Chongqing
45.521519,3.5276642,France,Limoges,106 Londonderry Parkway,Europe/Paris
39.109563,117.223371,China,Hexi,78 Surrey Point,Asia/Chongqing
-8.681907,117.2440957,Indonesia,Tepal,5006 Moland Circle,Asia/Makassar
52.3048562,15.4108777,Poland,Lubrza,1 Crowley Place,Europe/Warsaw
31.070643,113.943274,China,Xiaogang,623 Holy Cross Avenue,Asia/Chongqing
-20.2562227,-47.4810384,Brazil,Pedregulho,092 Lakewood Road,America/Sao_Paulo
51.1480274,71.4256221,Kazakhstan,Qalqaman,84 Meadow Valley Alley,Asia/Almaty
49.8259726,21.9974055,Poland,GwoÅºnica GÃ_rna,98 Delaware Terrace,Europe/Warsaw
23.817974,113.273132,China,Feilaixia,7 Center Hill,Asia/Chongqing
51.4492786,22.6839074,Poland,Wola Sernicka,64 Fremont Place,Europe/Warsaw
6.7205676,11.2580472,Nigeria,Gembu,8610 Commercial Parkway,Africa/Lagos
28.761896,121.491501,China,Duqiao,19 Union Pass,Asia/Shanghai
50.1078135,25.7276661,Ukraine,Kremenetsâ€™,5812 Namekagon Way,Europe/Uzhgorod
48.75667,-91.62409,Canada,Atikokan,66171 Forest Junction,America/Chicago
33.1396,67.44046,Afghanistan,Sang-e MÄÅshah,865 Scott Plaza,Asia/Kabul
38.042805,114.514893,China,Shijiazhuang,85586 Dakota Street,Asia/Shanghai
33.5138073,36.2765279,Syria,Damascus,19 Everett Pass,Asia/Damascus
-6.3235522,106.6948015,Indonesia,Waru Selatan,55372 Muir Place,Asia/Jakarta
13.7928009,121.0964563,Philippines,Sabang,10067 Judy Point,Asia/Manila
-14.5656065,40.6854309,Mozambique,Nacala,2 Bobwhite Avenue,Africa/Maputo
53.8458953,19.6034448,Poland,Zalewo,6770 Moose Plaza,Europe/Warsaw
24.076563,89.61457,Bangladesh,Bera,32 Manufacturers Parkway,Asia/Dhaka
56.0372083,21.8173884,Lithuania,Plateliai,963 Oakridge Way,Europe/Vilnius
44.025555,1.378056,France,Montauban,6 Stuart Alley,Europe/Paris
21.356694,110.525677,China,Longtou,70879 Summer Ridge Junction,Asia/Chongqing
-8.0914709,112.718192,Indonesia,Sukoanyar,198 Darwin Circle,Asia/Jakarta
35.136722,102.8777,China,Tanggaâ€™an,1 Bowman Trail,Asia/Chongqing
26.303854,107.682455,China,Paizhou,8 Katie Court,Asia/Shanghai
17.7917146,95.7563151,Myanmar,Letpandan,7 Bobwhite Road,Asia/Rangoon
39.495941,63.85672,Uzbekistan,Karakulâ€™,188 Continental Trail,Asia/Samarkand
37.6969518,127.8886827,South Korea,Hongchâ€™Åèn,3463 Vidon Avenue,Asia/Seoul
-8.7393595,-35.4562795,Brazil,ÃÅgua Preta,2714 Hollow Ridge Pass,America/Recife
16.3793702,102.3692982,Thailand,Ban Thaen,5 Bellgrove Center,Asia/Bangkok
14.6131569,120.998941,Philippines,Loyola,4 North Pass,Asia/Manila
-18.7,47.783333,Madagascar,Ankazondandy,99461 Cordelia Drive,Indian/Antananarivo
42.9203458,21.7421911,Serbia,Lebane,21 Prairieview Terrace,Europe/Belgrade
42.5824637,141.3159801,Japan,Shiraoi,51 Green Way,Asia/Tokyo
14.6602787,120.989116,Philippines,La Paz,67 Stoughton Street,Asia/Manila
32.059093,118.627894,China,Pukou,37302 Ramsey Circle,Asia/Chongqing
31.058765,121.315718,China,Xunqiao,88765 Sommers Street,Asia/Shanghai
40.692169,117.163821,China,Gubeikou,3018 Division Trail,Asia/Harbin
23.2462521,113.0030017,China,Anle,17 Waxwing Parkway,Asia/Chongqing
30.029634,121.281625,China,Zhangting,08660 Ludington Way,Asia/Shanghai
31.491169,120.31191,China,Waxi,84 Schlimgen Lane,Asia/Chongqing
52.8769629,17.950135,Poland,Barcin,7 Ridgeway Park,Europe/Warsaw
49.9542636,16.1641685,Czech Republic,VysokÃ© MÃ_to,26563 Lyons Center,Europe/Prague
33.387684,114.021538,China,Xiping,9 6th Crossing,Asia/Chongqing
9.329496,125.554433,Philippines,Bangonay,4 Algoma Lane,Asia/Manila
14.5482727,-89.6618378,Guatemala,Ipala,31 Kennedy Road,America/Guatemala